SMILES,RESULT
C=CC(=O)NC(=O)NC1(CC2CC3CC(C2)C1)C3,0
CC=1C=CC(=CC1)C(=O)C=2OC=CC2NC(=O)C=C,0
CN(C)C1=NC(Cl)=C(CNC(=O)C=C)S1,0
C=CC(=O)N1CN(CC=2C=CC=CC2)C(=O)C1,0
C=CC(=O)NCC(=O)N1CCC=2C=CC=CC2C1,0
CN(C)S(=O)(=O)C=1C=CC=2CN(CC2C1)C(=O)C=C,0
CN1N=CC=2C=CC(CNC(=O)C=C)=CC12,0
CC(NC(=O)C=C)C(=O)N1CCC=2C=CC=CC12,0
C=CC(=O)N1CCN(CC1)S(=O)(=O)CC=2C=CON2,0
C=CC(=O)NCC=1C=C2OCCCN2N1,0
C=CC(=O)NCC=1C=CC=C(N1)N2CCOCC2,0
NC(=O)COC=1C=CC=C2N(CCCC12)C(=O)C=C,0
C=CC(=O)NC(C1CCC1)C=2C=CC=CC2,0
COC=1C=C(CNC(=O)C=C)ON1,0
C=CC(=O)NC(C1CCC1)C=2C=CC=CN2,0
CN1C(N(CC1=O)C(=O)C=C)C=2C=CC=CC2,0
CC(=O)NC=1C=CC=C2CN(CCC12)C(=O)C=C,0
CC1CN(CC=2C=CC=CC2O1)C(=O)C=C,0
CC=1C=CC(=CC1)C(NC(=O)C=C)C=2C=CC=CN2,0
C=CC(=O)NCC=1C=CC=C2OCOC21,0
CCC1=NN=C(O1)C2CC=3C=CC=CC3CN2C(=O)C=C,0
FC=1C=CC=C2C=3CCCN(CC3NC12)C(=O)C=C,0
C=CC(=O)NC(C(=O)N1CCOCC1)C=2C=CC=CC2,0
C=CC(=O)NCC1=NSC=2C=CC=CC12,0
CC(C)N1N=C2CCN(CC2=CC1=O)C(=O)C=C,0
CCC(NC(=O)C=C)C(=O)N1CCOCC1,0
FC(F)(F)CNC(=O)C1CCN(C1)C(=O)C=C,0
C=CC(=O)NCC1=NN=CN1C=2C=CC=CC2,0
C=CC(=O)NCC=1C=CN=C(C1)N2CCOCC2,0
CC1=NC=2C=CC=CC2C31CCN(CC3)C(=O)C=C,0
C=CC(=O)NCC1=CN2CCCCC2=N1,0
FC=1C=CC=2OC(CNC(=O)C=C)=NC2C1,0
CCC1=CN=C(S1)N2CCN(CC2)C(=O)C=C,0
FC=1C=CC=2SCCCN(C(=O)C=C)C2C1,0
FC=1C=CC(=CC1)C(NC(=O)C=C)C=2C=CC=CN2,0
FC=1C=CC=C2CN(CC21)C(=O)C=C,0
C=CC(=O)NCC=1C=CC(=CC1)N2C=CC=N2,0
COC=1C=CC(=NC1)N2CCN(CC2)C(=O)C=C,0
C=CC(=O)N1CC2(CCOCC2)C1C=3C=CC=CC3,0
C=CC(=O)NC[C@H]1C[C@H](C1)C=2C=CC=CC2,0
CN1C=CN=C(N2CCN(CC2)C(=O)C=C)C1=O,0
C=CC(=O)NCC1CCN(CC1)C=2C=CC=CC2,0
CN1C=C(C=N1)C(NC(=O)C=C)C=2C=CC(F)=CC2,0
CN1C=CC(=N1)C(NC(=O)C=C)C=2C=CC(F)=CC2,0
COC=1C=CC(OC)=C2C(O)CN(CC12)C(=O)C=C,0
ClC=1C=CC=2CN(CC2C1)C(=O)C=C,0
C=CC(=O)NCC1=CN=C(S1)C=2C=CC=CC2,0
FC(F)(F)CC(=O)N1CCN(CC1)C(=O)C=C,0
C=CC(=O)N1CCOC2(CCC=3C=CC=CC32)C1,0
FC(F)(F)C=1N=CC(CNC(=O)C=C)=CN1,0
ClC=1C=CC(=CC1)N2CCOC(CNC(=O)C=C)C2,0
CN(C)C(=O)CC1CN(C(=O)C=C)C=2C=CC(Cl)=CC12,0
C=CC(=O)NCC=1C=CC(=NC1)N2CCOCC2,0
CC=1C=C(C)N(N1)C2CN(C2)C(=O)C=C,0
C=CC(=O)N1CCN(CC1)C2=NC=3C=CC=CC3O2,0
COCCN1CN(CC1=O)C(=O)C=C,0
C=CC(=O)NCC=1C=C2CCCN2N1,0
C=CC(=O)N1CC(C1)S(=O)(=O)NC2CCCC2,0
C=CC(=O)N1CCC(CC1)C(=O)NCC=2C=CC=CC2,0
CC1CN(C(=O)C=C)C=2C=CC=CC2O1,0
C=CC(=O)N1CCC(CC1)C(=O)NC2=NC=CS2,0
C=CC(=O)N1CCC(CC1)C(=O)N2CCC=3C=CC=CC23,0
FC=1C=CC=2N(CCOC2C1)C(=O)C=C,0
C=CC(=O)N1CC(=O)NC=2C=CC=CC12,0
C=CC(=O)NCC=1C=CC=C(C1)N2C=NC=N2,0
CC1=NN(C)C=2OCCN(C(=O)C=C)C12,0
C=CC(=O)NC(C1CCOCC1)C=2C=CC=CC2,0
FC(F)(F)CCN1CN(CC1=O)C(=O)C=C,0
NC(=O)C1CN(C(=O)C=C)C=2C=CC=CC2O1,0
CC(NC(=O)C=C)C=1C=C(F)C=CC1N2CCOCC2,0
C=CC(=O)N1CCC(CC1)NC(=O)CC2CCCCC2,0
CS(=O)(=O)C[C@H]1CCCN1C(=O)C=C,0
CN1N=C(CNC(=O)C=C)C=2C=CC=CC12,0
COC=1C=CC=2CN(CC2C1)C(=O)C=C,0
FC(F)(F)C1=CC(CNC(=O)C=C)=CS1,0
C=CC(=O)NCC(=O)N1CCCC=2C=CC=CC12,0
CN1C(=NC=2C=CC=CC12)C3CCCCN3C(=O)C=C,0
CN1C=CC=C1C2COCCN2C(=O)C=C,0
C=CC(=O)NCC=1C=CN=C(C1)C=2C=CC=CC2,0
COC=1C=C(CNC(=O)C=C)C=2C=CC=CC2N1,0
CC(C)(CC(=O)NCCNC(=O)C=C)C=1C=CC=CC1,0
CC(C)(C(=O)NCCNC(=O)C=C)C=1C=CC(F)=CC1,0
ClC=1C=CC(=CC1)C2(CNC(=O)C=C)CC2,0
FC(F)OC=1C=CC=C(NC(=O)C=C)C1,0
BrC=1C=CC=C(NC(=O)C=C)C1,0
CC=1C=CC(NC(=O)C=C)=NC1,0
C=CC(=O)NC1CCN(C1=O)C=2C=CC=CC2,0
COCC1(CCOC1)NC(=O)C=C,0
CC1=NC=C(CNC(=O)C=C)S1,0
C=CC(=O)NCC=1C=CC=CC1,0
C=CC(=O)NCC1CCSCC1,0
C=CC(=O)NCC1CCCCS1,0
COC(=O)C=1C=CC(C(=O)OC)=C(NC(=O)C=C)C1,0
C=CC(=O)NCC=1C=CC=2OCOC2C1,0
[O-][N+](=O)C=1C=CC=C(C1)C(NC(=O)C=C)NC(=O)C=C,0
OC(=O)C=1C=CC=C(NC(=O)C=C)C1,0
C=CC(=O)NCC1CSC=2C=CC=CC12,0
C=CC(=O)NC=1C=CC(=CC1)C2CC2,0
COC(=O)C=1C=CC=CC1NC(=O)C=C,0
CC=1C=CC=C2CC(COC12)NC(=O)C=C,0
FC(F)(F)C(N1CCN(CC1)C(=O)C=C)C=2C=CC=CC2,0
ClC=1C=CC=CC1C2(CC2)NC(=O)C=C,0
FC=1C=CC(=C(Cl)C1)C2(CNC(=O)C=C)CC2,0
CC(NC(=O)C=C)C=1C=CC=2CCCCC2C1,0
ClC=1C=CC=C(C1)C2CC(C2)NC(=O)C=C,0
COC=1C=C(OC)C(NC(=O)C=C)=CC1Cl,0
FC=1C=CC=CC1[C@H]2C[C@@H](C2)NC(=O)C=C,0
FC1(F)CCCC(CNC(=O)C=C)C1,0
ClC=1C=CC=CC1[C@H]2C[C@@H](C2)NC(=O)C=C,0
C=CC(=O)NC=1C=CC(C#C)=CC1,0
OC(=O)C=1C=C(NC(=O)C=C)C=CC1O,0
C=CC(=O)NNC(=O)C=1C=CC=CC1,0
COC=1C=CC(NC(=O)C=C)=CC1OC,0
CCN(CC=1C=C(Br)C=CC1O)C(=O)C=C,0
FC=1C=CC=CC1NC(=O)C=C,0
CCOCCC1(CCCC1)NC(=O)C=C,0
CCN(CCNC(=O)C=C)C=1C=CC=C(C)C1,0
COC=1C=C(OC)C=C(OCCCNC(=O)C=C)C1,0
C=CC(=O)N1CCN(CC2=NC=C(O2)C=3C=CC=CC3)CC1,0
C=CC(=O)NC(=O)NC1CCC1,0
FC=1C=C(F)C=C(NC(=O)C=C)C1,0
OCC(=C)C(=O)NC1CCCCCCC1,0
ClC=1C=CC(NC(=O)C=C)=CC1C#N,0
COC=1C=CC=CC1NC(=O)C=C,0
CCOC=1C=CC(NC(=O)C=C)=CC1OC,0
CC(C)N(C)C=1C=CC(NC(=O)C=C)=CC1F,0
FC(F)(F)C=1C=CC=C(NC(=O)C=C)C1,0
[Na+].[O-]C(=O)C1CCN(CC1)C(=O)C=C,0
C=CC(=O)NC=1C=CC(C#N)=CC1,0
ClC=1C=CC=C(NC(=O)C=C)C1,0
C=CC(=O)NC(=O)NC=1C=CC=CC1,0
FC=1C=CC=C(NC(=O)C=C)C1,0
C=CC(=O)NCC1CCCCC1,0
CC=1C=CC=CC1NC(=O)C=C,0
OC(=O)C1(CCN(CC1)C(=O)C=C)C=2C=CC=CC2,0
C=CC(=O)NC=1C=CC=2OCC(=O)NC2C1,0
NC=1C=CC(F)=C(NC(=O)C=C)C1,0
CC=1C=CC(NC(=O)C=C)=CC1F,0
C=CC(=O)NC=1C=CC(OC=2C=CC=CC2)=CC1,0
CC=1C=CC(F)=CC1NC(=O)C=C,0
C=CC(=O)NC=1C=CC=C(C#N)C1,0
COC=1C=CC(NC(=O)C=C)=CC1F,0
CC=1C(F)=CC=CC1NC(=O)C=C,0
COC=1C=C(NC(=O)C=C)C=C(OC)C1OC,0
OC(=O)C=1C=CC=2N(CCCC2C1)C(=O)C=C,0
CSC1CC(C1)NC(=O)C=C,0
CC1=C(NC(=O)C=C)C=NN1C2CCCC2,0
"C=CC(=O)N[C@@H]1C[C@H]1C2CCOCC2 |&1:5,7,r|",0
CS[C@H]1C[C@@H](C1)NC(=O)C=C,0
BrC=1C=NC(=NC1)C2CCCN2C(=O)C=C,0
C[C@]12CN(C[C@]2(C)CS(=O)(=O)C1)C(=O)C=C,0
C=CC(=O)N1CCN(CC2=CN=CS2)CC1,0
C=CC(=O)NC1CCCN2N=CC=C12,0
C=CC(=O)N1CCCCC1C2=NC=CS2,0
CC1CN(CCS(=O)(=O)C1)C(=O)C=C,0
CCS(=O)(=O)N1CCN(CC1)C(=O)C=C,0
CC1(CCN(C1)C(=O)C=C)C=2C=CC=CC2,0
C=CC(=O)NC=1C=NN2CCCCC12,0
C=CC(=O)NC1CCC2(COC2)CC1,0
CC1=CN(N=C1NC(=O)C=C)C=2C=CC(Cl)=CC2,0
CC1=CC(NC(=O)C=C)=NN1C=2C=CC=CC2Cl,0
ClC=1C=CC=C2C=CC(NC(=O)C=C)=NC12,0
FC(F)C1=NC=2C=CC=C(NC(=O)C=C)C2S1,0
FC(F)(F)C=1C=CC(=O)N(CCNC(=O)C=C)C1,0
ClC=1C=CC(NC(=O)C=C)=C(OC2CC2)N1,0
FC(F)(F)C=1C=CN(N1)C=2C=CC=CC2NC(=O)C=C,0
NC(=O)C(CNC(=O)C=C)CC=1C=C(F)C(F)=C(F)C1,0
CCC1=NOC(CC=2C=CC(NC(=O)C=C)=CC2)=N1,0
CC1(C)COCCN1C=2N=CC(NC(=O)C=C)=CN2,0
CC(C)C1=C(NC(=O)C=C)C=NN1C=2C=CC(C)=CC2,0
CC=1C=CC=CC1C(NC(=O)C=C)C2CC2C=3C=CC=CC3,0
CN1N=C(NC(=O)C=C)C=C1COCCC(F)(F)F,0
CN1C(CN2C=C(NC(=O)C=C)C=N2)=NC=3C=CC=CC13,0
CC(NC(=O)C=C)C1=NN=C(S1)C=2C=CC=C(F)C2,0
CC(NC(=O)C=C)C1=CN(C)C=2C=CC(C)=CC12,0
C=CC(=O)NC=1C=CC=2OC3(CCC3)C=CC2C1,0
NC(=O)N1CCCC=2C=CC(NC(=O)C=C)=CC12,0
C=CC(=O)NC1C2C3CC4C5CC(C1C53)C42,0
C=CC(=O)NCC1=CC=NN1CCC=2C=CC=CC2,0
CCCC1=C(NC(=O)C=C)C=NN1C=2C=C(C)C=CN2,0
CC(NC(=O)C=C)C1=NN=NN1C2CC2,0
CC(C)N1N=CC=2CCCC(NC(=O)C=C)C21,0
C=CC(=O)NCC1=NOC=2C=CC=CC12,0
C=CC(=O)NC(C1CC1)C2=NC=CS2,0
C=CC(=O)NC1CCS(=O)(=O)C=2C=CC=CC12,0
CC(NC(=O)C=C)C1=NC=C(O1)C=2C=CC=CC2,0
ClC=1C=CC(=C(Cl)C1)N2C=CC(NC(=O)C=C)=N2,0
ClC=1C=CC2=NN=C(CNC(=O)C=C)N2C1,0
C=CC(=O)NCC1=NOC(COC=2C=CC=CC2)=N1,0
CC=1N=NC(NC(=O)C=C)=C2C=CC=CC12,0
CCC(NC(=O)C=C)C=1C=CC=2OCCOC2C1,0
C=CC(=O)NC=1C=CC=CC1SC2=NN=CS2,0
C=CC(=O)NC1=CC=2CCCN3C(=O)CCC(=C1)C32,0
FC=1C=CC=C(OC=2C=CC=CC2)C1NC(=O)C=C,0
CC(C)(NC(=O)C=C)C1=CN(N=N1)C=2C=CC=CC2,0
CC1=C(Cl)C(NC(=O)C=C)=NN1C2CCCC2,0
COC=1N=C(C=CC1NC(=O)C=C)N2CCN(C)CC2,0
C=CC(=O)NC=1C=CC(CN2C=CC=CC2=O)=CC1,0
C=CC(=O)NCC1=NC=2CCCCCC2S1,0
ClC=1C=CC(N2CCOCC2)=C(CNC(=O)C=C)C1,0
C=CC(=O)N[C@H]1[C@@H]2COC[C@H]12,0
CN1CCCN(C(=O)C=C)C=2C=CC(F)=CC12,0
CC(C)(C)C=1C=C(NC(=O)C=C)N(N1)C=2N=CC=CN2,0
CC(C)NC(=O)CN1C=C(NC(=O)C=C)C=N1,0
C=CC(=O)NC1=NSC=2C=CC=CC12,0
C=CC(=O)NC=1C=CC=2OC=CC2C1,0
C=CC(=O)N1CC(C1)N2CCCS2(=O)=O,0
ClC=1C=C2OCCCC2=CC1NC(=O)C=C,0
C=CC(=O)NC=1C=CC=CC1N2N=CC=N2,0
C=CC(=O)NCC=1C=CC=2OC(=O)NC2C1,0
CC=1C=C(NC(=O)C=C)C=NC1C(F)(F)F,0
CC=1C=C(NC(=O)C=C)C=C(C1)S(=O)(=O)C,0
FC1(F)CC1OC=2C=CC(NC(=O)C=C)=CC2,0
CN1CCOCC21COCCN(C2)C(=O)C=C,0
CC(C)C(NC(=O)C=C)C=1C=CC=CC1F,0
CC(F)(F)C=1C=CC=CC1CNC(=O)C=C,0
ClC=1C=C(NC(=O)C=C)C=C2OCOC21,0
FC(F)(F)CN1CCCC1CNC(=O)C=C,0
CC=1C=CC(Cl)=C(CO)C1NC(=O)C=C,0
C=CC(=O)NC1CS(=O)(=O)CC=2C=CC=CC12,0
CN(C1CCS(=O)(=O)CC1)C(=O)C=C,0
CC=1C=CC=2OC(CNC(=O)C=C)=CC2C1,0
COC1CS(=O)(=O)CC1NC(=O)C=C,0
COC=1C=CC(=CC1)C2(CC2)NC(=O)C=C,0
C=CC(=O)NC=1C=CC=2C(=O)NCCC2C1,0
C=CC(=O)NC=1C=CC=CC1N2CC3CCC2C3,0
FC=1C=CC=2CC(COC2C1)NC(=O)C=C,0
C=CC(=O)NC=1C=CC(=CC1)N2CCCC2=O,0
C=CC(=O)NC=1C=CC=2OCOC2C1,0
CC1=CC(NC(=O)C=C)=NO1,0
FC=1C=CC(NC(=O)C=C)=CC1,0
BrC=1C=CC(NC(=O)C=C)=CC1,0
OC(=O)C=1C=CC(NC(=O)C=C)=CC1,0
OC(=O)C=1C=CC(CNC(=O)C=C)=CC1,0
C=CC(=O)NC=1C=CC=NC1,0
FC=1C=CC=CC1C(NC(=O)C=C)NC(=O)C=C,0
C=CC(=O)NC(NC(=O)C=C)C=1C=CC=CC1,0
CN(C)S(=O)(=O)C=1C=CC(Cl)=C(NC(=O)C=C)C1,0
CC1(C)CCN(CCS1(=O)=O)C(=O)C=C,0
CC1(C)CCCC1CNC(=O)C=C,0
CC(C)N1CC(CC1=O)NC(=O)C=C,0
CN1C=C(N=N1)C(C)(C)NC(=O)C=C,0
CC(C)(C)C1CCCC1NC(=O)C=C,0
CC(NC(=O)C=C)C1=NN=C(C)S1,0
CC=1C=NC(CCNC(=O)C=C)=CN1,0
FC=1C=CC(NC(=O)C=C)=CC1N2CCOCC2,0
C=CC(=O)NC=1C=CC=2N(CC3CC3)C(=O)CCC2C1,0
CC(C)(C)OC=1C=CC=C(CNC(=O)C=C)N1,0
COC1=NC=2C=CC(NC(=O)C=C)=CC2S1,0
ClC=1C=CC=C2C(COC21)NC(=O)C=C,0
CC=1C=C(F)C(CNC(=O)C=C)=C(F)C1,0
C=CC(=O)NCC=1C=CC=2CCNC(=O)C2C1,0
C=CC(=O)NC=1C=CC=2CCN(CC#N)C2C1,0
CC=1N=CC=2C(CCCC2N1)NC(=O)C=C,0
C=CC(=O)NC=1C=NC=2NC=CC2C1,0
OC=1C=C(NC(=O)C=C)C=2CCCC2N1,0
COC=1C=CC(=CC1OC)C(NC(=O)C=C)NC(=O)C=C,0
COC=1C=CC(=CC1)C(NC(=O)C=C)NC(=O)C=C,0
C=CC(=O)NC1CCC2(CC1)OCCO2,0
CCS(=O)(=O)C1CN(C1)C(=O)C=C,0
CC=1N=C2CN(CC2=C(O)N1)C(=O)C=C,0
CN1N=CC(NC(=O)C=C)=C1C(F)F,0
FC=1C=CC=C(C1)N2CCN(CC2=O)C(=O)C=C,0
FC=1C=CC=C2C(CCOC12)NC(=O)C=C,0
C=CC(=O)NC1CCCNC1=O,0
C=CC(=O)NCC1=COC=2C=CC=CC12,0
COC=1C=CC=C2N(CCCCC12)C(=O)C=C,0
FC(F)(F)C(=O)N1CCCCC1CNC(=O)C=C,0
CC(=O)C=1C=CC(N2CCN(CC2)C(=O)C=C)=C(F)C1,0
COC=1C=CC(=CC1)S(=O)(=O)N2CC(C2)NC(=O)C=C,0
FC(F)(F)[C@H]1CCC[C@H](C1)NC(=O)C=C,0
C=CC(=O)NCC=1C=NN(CC=2C=CC=CC2)C1,0
C=CC(=O)N[C@@H]1[C@H]([C@H]2C[C@@H]1C=C2)C=3C=CC=CC3,0
CCC1=C(NC(=O)C=C)C=NN1C=2C=CC=CC2,0
ClC=1C=CC(CC2(CCOC2)NC(=O)C=C)=CC1,0
FC(F)OC=1C=CC(CNC(=O)C=C)=C(F)C1,0
CC=1C=C(CNC(=O)C=C)C=C(N1)N2CCCC2,0
COCCOC=1C(Cl)=CC=CC1NC(=O)C=C,0
CC=1C=CC(CNC(=O)C=C)=C(OCC2CCOC2)C1,0
C=CC(=O)NCC=1C=CN=C(OC2CCC2)C1,0
FC(F)(F)COC=1C=CC(CCNC(=O)C=C)=CN1,0
C=CC(=O)NC1CCCC2(CC1)OCCO2,0
CN1C=C(CNC(=O)C=C)C(=N1)C=2C=CC=CC2,0
CC(NC(=O)C=C)C=1C=NN(C1C)C=2C=CC(Cl)=CC2,0
FC(F)(F)COCC=1C=CC=C(NC(=O)C=C)C1,0
CC(C)OC=1N=CC=CC1CNC(=O)C=C,0
CC1CN(CC(C)O1)S(=O)(=O)CCNC(=O)C=C,0
CCC1=NN(C)C(CC)=C1CNC(=O)C=C,0
C=CC(=O)NC=1C=CC(OC=2N=CC=CN2)=CC1,0
CC=1C=CC=C(C1)C(NC(=O)C=C)C(F)(F)F,0
CCCCN(C)S(=O)(=O)C=1C=CC(NC(=O)C=C)=CC1,0
CC=1C=CC(OCN2C=C(NC(=O)C=C)C=N2)=C(C)C1,0
COC=1C=CC=C(OC(F)(F)F)C1CNC(=O)C=C,0
COC=1C=CC(C)=CC1CC(NC(=O)C=C)C(C)C,0
FC=1C=CC(NC(=O)C=C)=CC1C(=O)C=2C=CC=CC2,0
CC=1C=CC(OC=2C=CC=CC2)=C(NC(=O)C=C)C1,0
COCC(NC(=O)C=C)C=1C=C(F)C(F)=C(F)C1,0
CC(NC(=O)C=C)C1CCC(F)(F)CC1,0
C=CC(=O)NCC1CSCCS1,0
FC(F)CN1C=CC(NC(=O)C=C)=N1,0
FC(F)OC=1C=C2OCOC2=CC1CNC(=O)C=C,0
FC(F)CN1CC=2C=CC(NC(=O)C=C)=CC2C1,0
FC=1C=C2C(CCC2=C(F)C1)NC(=O)C=C,0
CC(NC(=O)C=C)C1=NC=2CCC(C)CC2S1,0
COC=1C=C(OC)C(OC)=CC1NC(=O)C=C,0
C=CC(=O)NC=1C=CC=C(CN2N=C3C=CC=CN3C2=O)C1,0
C=CC(=O)NCC1CCCN1C=2C=CC=CC2,0
CC1=NN(CC=2C=CC=CC2Cl)C(C)=C1NC(=O)C=C,0
C=CC(=O)NC=1C=CC(=CC1)C2OCCC=3C=CC=CC23,0
FC=1C=CC=2OC(CNC(=O)C=C)CCC2C1,0
C=CC(=O)NCCC(C1CC1)C=2C=CC=CC2,0
FC(F)(F)C1=CN2CC(CNC(=O)C=C)CCC2=N1,0
ClC=1C=CC=CC1C2(CNC(=O)C=C)CCC2,0
CC(C)(C)C1CCCCC1CNC(=O)C=C,0
COC=1C=CC(NC(=O)C=C)=C(C1)S(=O)(=O)C,0
C=CC(=O)N1CCN(C2CC2)C=3C=CC=CC13,0
C=CC(=O)N1CCC2(CC1)OCCC=3C=CC=CC32,0
C=CC(=O)NCC=1C=NOC1,0
COCC1=CSC(CNC(=O)C=C)=C1,0
CC(CC=1C=NC=CN1)NC(=O)C=C,0
CC=1C=C(OC=2C=CC=CN2)C=CC1NC(=O)C=C,0
OC(C=1C=CC(NC(=O)C=C)=CC1)C(F)(F)F,0
C=CC(=O)NCC1CC2CCC(C1)S2(=O)=O,0
CS(=O)(=O)CCN1C=C(NC(=O)C=C)C=N1,0
CN(CC1=NC=2N(C)N=CC2C(=O)N1)C(=O)C=C,0
OC(CC(F)(F)F)C=1C=CC=C(NC(=O)C=C)C1,0
CCOC=1C=CC(=NN1)N2CCN(CC2)C(=O)C=C,0
COC=1C=CC(=CC1)C2(CCOCC2)NC(=O)C=C,0
CC(N(C)C(=O)C=C)C1(CC1)S(=O)(=O)C,0
FC(F)(F)C(=O)C=1C=CC=C(NC(=O)C=C)C1,0
C=CC(=O)NC=1C=CC=2OCCOC2N1,0
FC(F)C1=NC(=NO1)C2(CCC2)NC(=O)C=C,0
C=CC(=O)NC(=O)NCC=1C=CC=CC1,0
C=CC(=O)N1CCS(=O)(=O)C=2C=CC=CC2C1,0
C=CC(=O)NCCC=1C=CC=2COCC2C1,0
C=CC(=O)NC(CC=1C=CC=CC1)C2=NC=CO2,0
CS(=O)(=O)C=1C=CC(=CC1)C2(CCOC2)NC(=O)C=C,0
ClC=1C=NN2C=C(CCNC(=O)C=C)C=NC12,0
C=CC(=O)N1CCCC(CC1)N2C=CN=N2,0
CCOC(=O)C1=C(NC(=O)C=C)SC=2CCCCC12,0
CCN1N=C(C)C(NC(=O)C=C)=C1C,0
"COC=1C=CC(=CN1)[C@@H]2OCC[C@H]2NC(=O)C=C |&1:8,12,r|",0
CC1(C)CCC=2C=C(NC(=O)C=C)C=CC2O1,0
C=CC(=O)N1CC(C1)N2C=CC=N2,0
CC(NC(=O)C=C)C(C)N1C=NC=N1,0
C=CC(=O)NCC=1C=CC2=C(CCS2(=O)=O)C1,0
FC=1C=CC=NC1N2CCC(C2)NC(=O)C=C,0
CN1N=C2CCCCC2=C1CNC(=O)C=C,0
CN1[C@H]([C@@H](CC1=O)NC(=O)C=C)C2=CC=NN2C,0
COC=1C=CC=2OC(C(C)NC(=O)C=C)=C(C)C2C1,0
"CO[C@@]12CCC[C@]2(CCO1)NC(=O)C=C |&1:2,6,r|",0
COCN1C=C(NC(=O)C=C)C=N1,0
CC(NC(=O)C=C)C1=CC=2C=CC=C(F)C2O1,0
CC=1SC(CNC(=O)C=C)=NC1C(=O)O,0
FC=1C=C(CNC(=O)C=C)C=NC1N2CCOCC2,0
CN1C=C(CC(CNC(=O)C=C)C(=O)N)C=N1,0
CC=1C=C(F)C=CC1N2CCCC(C2)NC(=O)C=C,0
C=CC(=O)NCC1=NN=C(O1)C2CC2,0
CN1C(CNC(=O)C=C)C=2C=CC=CC2C1=O,0
FC=1C=CC(CNC(=O)C=C)=CC1,0
CCOC=1C=CC(NC(=O)C=C)=CC1CO,0
C[C@H]1CN(C[C@@H](C)N1C(=O)C=C)C(=O)C(C)(C)C,0
COC=1C=C(NC(=O)C=C)C(OC)=CC1Cl,0
C=CC(=O)NC1CCCC2(CC2)C1,0
CN(C(=O)C=C)C=1C=CC=CC1,0
CC(C)(C)C=1N=CC(NC(=O)C=C)=CN1,0
CCC1CC(CCO1)NC(=O)C=C,0
C=CC(=O)N1CCN(CC1)S(=O)(=O)C2CC2,0
CN(C1CCCC=2N=C(C)SC12)C(=O)C=C,0
CC(C)(C)N1CCC(NC(=O)C=C)C1=O,0
CC(C)(C)N1CC(CC1=O)NC(=O)C=C,0
ClC=1C=NC(=NC1)C2CCN(CC2)C(=O)C=C,0
C=CC(=O)NC1CCCC21CCOCC2,0
[O-][N+](=O)C=1C=CC(NC(=O)C=C)=CC1,0
CN1C=C(C=N1)N2CCN(CC2=O)C(=O)C=C,0
C=CC(=O)NC1CCOC2(CCCC2)C1,0
C=CC(=O)N1C[C@@H]2C[C@H](C1)C3=CC=CC(=O)N3C2,0
CC1CN(CCS1(=O)=O)C(=O)C=C,0
CC1CN(CC(C)S1(=O)=O)C(=O)C=C,0
CC1(C)SCC1NC(=O)C=C,0
C=CC(=O)NCC1CCC2CC1CO2,0
CC(C)C1CC(CCO1)NC(=O)C=C,0
COC=1C=CC(=CC1F)C2(CCOCC2)NC(=O)C=C,0
FC=1C=CC(=NC1)C2(CC2)NC(=O)C=C,0
CS(=O)(=O)C1CSCCN1C(=O)C=C,0
C=CC(=O)NCC1SCCS1,0
CC1CC(CCO1)NC(=O)C=C,0
CC1(CC(F)(F)F)CN(C1)C(=O)C=C,0
COC=1C=CC=2C(CNC(=O)C=C)CCCC2C1,0
C=CC(=O)N[C@H]1CCCOC1,0
"O[C@@H]1COCC[C@H]1NC(=O)C=C |&1:1,6,r|",0
C=CC(=O)NC1(CCC1)C=2N=CON2,0
CC1(C)C(CCN1C(=O)C=C)C(=O)O,0
CC(CN1C=C(C=N1)C(=O)O)NC(=O)C=C,0
C=CC(=O)N1CCCN2C(C1)=CC=3C=CC=CC23,0
COCC1=NN=C(CNC(=O)C=C)N1,0
FC(F)(F)C=1C=CN=C(N1)C2(CCC2)NC(=O)C=C,0
OC1CCN(C(=O)C=C)C21CCCCC2,0
OCC(NC(=O)C=C)C=1C=CC=CC1C(F)(F)F,0
C=CC(=O)NC1=CON=C1C=2C=CC=CC2,0
OC(=O)C12CCCCC2N(CCC1)C(=O)C=C,0
CN(C)C(=O)CC1(O)CCCN(C1)C(=O)C=C,0
OC(=O)C1CCC2(CC1)CCN(CC2)C(=O)C=C,0
C=CC(=O)NCC1=NNC(=O)N1C2CC2,0
CC(C)(C)C1=CC=C(CNC(=O)C=C)C(=O)N1,0
COC=1C=C(NC(=O)C=C)C=C2C=CC=NC12,0
CN1C(=NC=2C=C(NC(=O)C=C)C=CC12)C3CC3,0
CCCN1C=NC(NC(=O)C=C)=C1,0
C=CC(=O)NCC=1C=CC=NC1N2CCOCC2,0
CC(C)N1N=CC(NC(=O)C=C)=C1C2CC2,0
FC(F)(F)C=1C=CC=C(C1)C(NC(=O)C=C)C2=NN=CN2,0
C=CC(=O)NC=1C=CC=2CCS(=O)(=O)C2C1,0
CC=1C=C(ON1)C2(CCOCC2)NC(=O)C=C,0
COCC(=O)N1CCC=2C=C(NC(=O)C=C)C=CC12,0
NC(=O)C=1C=C(F)C=CC1N2CCN(CC2)C(=O)C=C,0
CN1N=CC=2CN(CC21)C(=O)C=C,0
C=CC(=O)NCCS(=O)(=O)N1CCC=2C=CC=CC12,0
CN1C=C(NC(=O)C=C)C(=N1)C2CC2,0
CC(NC(=O)C=C)C1=CSN=N1,0
C=CC(=O)NC=1C=CC=2N=C(OC2C1)C3CC3,0
C=CC(=O)NCC1CCN(CC#N)CC1,0
CC=1C=C(N2CCC(NC(=O)C=C)C2=O)N(C)N1,0
CS(=O)(=O)N1CC(CNC(=O)C=C)C1,0
CC1CN(CC(C)N1C(=O)C=C)C(=O)C(C)(C)C,0
CC1=NOC(=N1)C(CO)NC(=O)C=C,0
CC(NC(=O)C=C)C1=NC=2C=CC=CC2N1C(F)F,0
C=CC(=O)NCC1=CN=C(S1)N2CCOCC2,0
FC(F)C1=NC(=NO1)C=2C=CC=C(NC(=O)C=C)C2,0
CCC1=NC(=NO1)C2(CCCC2)NC(=O)C=C,0
C=CC(=O)N1CCN(CC1)C=2N=CC=CN2,0
ClC=1C=C2CCOC2=C(NC(=O)C=C)C1,0
NC(=O)C1=CSC(CNC(=O)C=C)=N1,0
COC=1C=CC=C2C=C(CNC(=O)C=C)OC12,0
FC(C=1C=CC=C(NC(=O)C=C)C1)C(F)(F)F,0
FC=1C=C(NC(=O)C=C)C=C(C1)N2CCOCC2,0
FC(F)(F)CN1C=CC(CNC(=O)C=C)=N1,0
CC(NC(=O)C=C)C1=NN(N=C1C)C=2C=CC=CC2,0
FC=1C=C(CCNC(=O)C=C)C=2OCOCC2C1,0
CC=1C=CC=C(C1)N2CCCC(NC(=O)C=C)C2=O,0
ClC=1C=CC=C2C(CCCOC12)NC(=O)C=C,0
OCC(NC(=O)C=C)C=1C=CC=C(C1)C(F)(F)F,0
CC1=C(NC(=O)C=C)C=NN1C=2C=CC(F)=CC2,0
CC1=CON=C1CNC(=O)C=C,0
CN(C1CS(=O)(=O)C21CCOCC2)C(=O)C=C,0
C=CC(=O)NC(CC=1C=CC=CC1)C=2N=CON2,0
CC1(C)COC=2C=C(NC(=O)C=C)C=CC2NC1=O,0
NC(=O)C1N(CCC=2C=CC=CC12)C(=O)C=C,0
CC(NC(=O)C=C)C1=NC=2CCCCCC2S1,0
C=CC(=O)NCC1(CC2(CCC2)C1)C=3C=CC=CN3,0
CCC(NC(=O)C=C)C1CCCOC1,0
CS(=O)(=O)C1(CNC(=O)C=C)CCCCC1,0
CNC(=O)C1(CCN(C1)C(=O)C=C)C(F)(F)F,0
C=CC(=O)NCC=1C=CC=2C=CC=NC2C1,0
FC(F)(F)CC1=CSC(CNC(=O)C=C)=N1,0
CNC(=O)C1=CN(CC2CCCN(C2)C(=O)C=C)N=N1,0
FC=1C=CC=C(C1)C2(CCC2)NC(=O)C=C,0
C=CC(=O)NC1CCC=2C=CC=CC2NC1=O,0
COC=1C=CC=2NC(=O)CCN(C(=O)C=C)C2C1,0
COC1(CCOCC1)C(F)(F)CNC(=O)C=C,0
FCCN1C=C(NC(=O)C=C)C=N1,0
C=CC(=O)NCCC1C2CC3CC(C2)CC1C3,0
C=CC(=O)NC1CCS(=O)(=O)C2(CCOCC2)C1,0
C=CC(=O)NC1CCC(CC1)N2CCCC2=O,0
OC1(CCNC(=O)C=C)CCN(CC1)C=2C=CC=CC2,0
C=CC(=O)NCC1CCCC=2C=CC=NC12,0
COC=1C=CC=2C=CC=CC2C1CNC(=O)C=C,0
C=CC(=O)NCC1=COC(=N1)C=2C=CC=CC2,0
C=CC(=O)N1CCC(C1)S(=O)(=O)NC2CC2,0
COCC1(CN(C1)C(=O)C=C)C=2C=CC=CC2,0
CC(C)NC(=O)OC1CN(C1)C(=O)C=C,0
C=CC(=O)N1CCN2C(=NN=C2C1)C=3C=CC=CC3,0
COC=1C=CC=2CN(CCC2C1OC)C(=O)C=C,0
C=CC(=O)NCC=1C=CC=CC1N2CCOCC2,0
CC=1N=CSC1C(=O)NC2CCN(CC2)C(=O)C=C,0
NC(=O)C1CN(C(=O)C=C)C=2C=CC=CC2C1,0
FC=1C=CC(=CC1)C2=NNC(CNC(=O)C=C)=N2,0
FC=1C=CC(=CC1F)N2CCC(CNC(=O)C=C)C2,0
CC1(CCCCC1)NC(=O)CNC(=O)C=C,0
CC(NC(=O)C=C)C=1C=C2CCCCN2N1,0
C=CC(=O)NCC1=COC(=N1)C2=CC=CS2,0
C=CC(=O)N1CN(CC2CC2)C(=O)C1,0
C=CC(=O)NCC(=O)N1CCCCC1,0
FC=1C=NC(=NC1)N2CCN(CC2)C(=O)C=C,0
C=CC(=O)N1CCC2=C(C1)NC=3C=CC=CC23,0
CS(=O)(=O)C=1C=CC=2CCCN(C(=O)C=C)C2C1,0
COC=1C=CC=C2CCCN(C(=O)C=C)C12,0
C=CC(=O)N1CCCC(C1)C2=NC=C3CCCCN23,0
C=CC(=O)NCC1CCN(CC1)C2CC2,0
CN1N=CC=2CN(CCCC21)C(=O)C=C,0
CC(=O)NC=1C=CC=C2CCCN(C(=O)C=C)C12,0
C=CC(=O)N1CCC2(C1)CC=3C=CC=CC3C2,0
COC=1C=C2CCN(CCC2=CC1OC)C(=O)C=C,0
CC1CN(C(=O)C=C)C=2C=CC=C(F)C2O1,0
C=CC(=O)NCC(=O)NC1CCOC=2C=CC=CC12,0
C=CC(=O)NCC(=O)NC=1C=CC=CN1,0
C=CC(=O)NCC1=CSC=N1,0
C=CC(=O)N1CC=2C=CC=CC2C1,0
C=CC(=O)N1CC2(CCOCC2)C=3C=CC=CC13,0
FC=1C=CC(=CC1)C(NC(=O)C=C)C2CC2,0
C=CC(=O)N1CCCC=2C=CC=CC2C1,0
CC(=O)NCC1CCN(CC1)C(=O)C=C,0
CC(C)CC1N(CCCNC1=O)C(=O)C=C,0
CC(C)C(NC(=O)C=C)C1=NN=C2C=CC=CN12,0
FC=1C=C(Cl)C=2CCN(CC2C1)C(=O)C=C,0
C=CC(=O)N1CC[C@H](C1)OC=2C=CC=CC2,0
CC(C)C1=NC(=NO1)C2CN(CCO2)C(=O)C=C,0
CC(NC(=O)C=C)C=1C=CC=C(C1)N2CCCC2,0
C=CC(=O)N1CCN(CC1)C(=O)NC2CCCCC2,0
CC=1C=C(CNC(=O)C=C)N=C(N1)N2CCCC2,0
CC=1C=C(CNC(=O)C=C)ON1,0
COC=1C=CC=C2CCN(CCC12)C(=O)C=C,0
CN1CCO[C@@H](CNC(=O)C=C)[C@@H]1C=2C=CC=CC2,0
C=CC(=O)NCC1=CN=C(O1)C2CC2,0
FC(F)(F)C1=CC(CNC(=O)C=C)=NO1,0
ClC=1C=CC=C2CN(CC21)C(=O)C=C,0
NC(=O)C1CCCN(C1)C(=O)C=C,0
FC=1C=CC=NC1N2CCN(CC2)C(=O)C=C,0
C=CC(=O)N1CN(C2CC2)C(=O)C1,0
CC1CN(C(=O)C=C)C=2C=C(F)C=CC2C(=O)N1,0
CC1=NC(=CS1)C2=CC=C(CNC(=O)C=C)O2,0
FC1(F)C[C@H]2CN(CCN2C1)C(=O)C=C,0
C=CC(=O)N1CC(C1)NC(=O)C2CCC2,0
C=CC(=O)N1CCCC1C2=NC(=NN2)C=3C=CC=CC3,0
C=CC(=O)NCCC(=O)N1CCOCC1,0
C=CC(=O)N1CCN2CCOCC2C1,0
CCN1N=NC=C1CNC(=O)C=C,0
C=CC(=O)N1CCCOC=2C=CC=CC12,0
CC(NC(=O)C=C)C1=NC(C)=C(S1)C(=O)O,0
"OC(=O)[C@@H]1[C@@H]2CC[C@@H]2CN1C(=O)C=C |&1:3,4,7,r|",0
COC=1C=CC=C2CN(CC21)C(=O)C=C,0
CN1C(CNC(=O)C=C)=NC=2C=CC=CC2C1=O,0
CN1N=C(C=C1CNC(=O)C=C)C(F)F,0
C=CC(=O)N1CCN2C=CC=C2C31COC3,0
C=CC(=O)NC1(CC1)C=2N=CON2,0
CC(C)C=1ON=CC1NC(=O)C=C,0
CC1(CC(F)(F)CN1C(=O)C=C)C(=O)O,0
C=CC(=O)NC(C1CC1)C=2N=CON2,0
CN(C)C(=O)C1CSCN1C(=O)C=C,0
CC(NC(=O)C=C)C=1C=NN(C)C1C,0
C=CC(=O)NC1CCOC2(CCSCC2)C1,0
BrC=1C=NN(C1)C2CCN(CC2)C(=O)C=C,0
CN(CC=1C(C)=NN(C)C1Cl)C(=O)C=C,0
CC1CSCC1NC(=O)C=C,0
"C=CC(=O)NC[C@@H]1C=C[C@H]2C[C@@H]1CO2 |&1:6,9,11,r|",0
CN(C1CS(=O)(=O)C1)C(=O)C=C,0
CN(C1CCCN(C1)C(=O)C=C)S(=O)(=O)C,0
C=CC(=O)NC1CCCN2CCCCC12,0
CN(C)C1(CNC(=O)C=C)CCOCC1,0
NS(=O)(=O)N1CCCN(CC1)C(=O)C=C,0
CC(C)(C)OC(=O)C1CN(CC=2C=CC=CC12)C(=O)C=C,0
CC(C)C(NC(=O)C=C)C1=NC(=NO1)C2CC2,0
CCN(C(=O)C)C=1C=CC(NC(=O)C=C)=CN1,0
CC(NC(=O)C=C)C=1C=NN(CC2CCC2)C1,0
C=CC(=O)N1CCC(CC1)S(=O)(=O)C=2C=CC=CC2,0
C=CC(=O)N1CCCC(C1)C2CCCCO2,0
CN1CCC(CC1)NC(=O)CNC(=O)C=C,0
C=CC(=O)N1CCC2(CC1)CC(=O)C=CO2,0
CC(CC1=CC=C(Cl)S1)NC(=O)C=C,0
COC=1C=CC=2N(CCN(C)C2N1)C(=O)C=C,0
CC1(CN(CCO1)C(=O)C=C)C=2C=CC=CC2,0
CNC(=O)C=1C=CC=CC1N(C)C(=O)C=C,0
FC=1C=CC=CC1COC2CN(C2)C(=O)C=C,0
CC(C)N1CCC(CCNC(=O)C=C)CC1,0
CS(=O)(=O)N[C@H]1CCCN(C1)C(=O)C=C,0
COCC(NC(=O)C=C)C=1C=CC(F)=CC1,0
COC=1N=C(C)C=C(C)C1CN(C)C(=O)C=C,0
CC=1C=CC(=CC1F)N(C2CCOCC2)C(=O)C=C,0
CC1(C)CNC(=O)CN1C(=O)C=C,0
COC1(CCC1)C(F)(F)CNC(=O)C=C,0
CC1CCCN(C1)C(=O)CCNC(=O)C=C,0
CC1CN(CC(O)CNC(=O)C=C)CCO1,0
CC=1C=CC=2NC=C(CCNC(=O)C=C)C2C1,0
OC1CCOC2(CCN(CC2)C(=O)C=C)C1,0
CCCN1CCC(CNC(=O)C=C)CC1,0
C=CC(=O)N1CCCC2(CCCO2)CC1,0
C=CC(=O)N1CCC2CS(=O)(=O)CC2C1,0
OC(CNC(=O)C=C)CC=1C=CC=CC1F,0
CC(F)(F)C(CNC(=O)C=C)C=1C=CC=CC1,0
CC(C(O)CNC(=O)C=C)C=1C=CC=CC1,0
CC(C)C1=NC(CN(C)C(=O)C=C)=CS1,0
CN1CCN(CC=2C=CC=NC12)C(=O)C=C,0
C=CC(=O)N1CCCC1C2CCCCO2,0
C=CC(=O)N1CCOC(C1)C2CCOC2,0
CN1C=CC(=N1)C2CCCN(C2)C(=O)C=C,0
CC(C)(CNC(=O)C=C)C1(O)CCOC1,0
C=CC(=O)NCCC1CCS(=O)(=O)C1,0
OCC(CC1=CC=CS1)NC(=O)C=C,0
C=CC(=O)N1C2CCC1C=3C=NC=NC3C2,0
CC(C)OC1CCC(CC1)NC(=O)C=C,0
C=CC(=O)NCC1CC2(C1)CCOCC2,0
CC(C)(CNC(=O)C=C)C1=CCOCC1,0
COC(CNC(=O)C=C)C1CC(F)(F)C1,0
FC(F)C(CNC(=O)C=C)C=1C=CC=CC1,0
COCCC1(C)CN(CCO1)C(=O)C=C,0
CC1(C)COC(CN1C(=O)C=C)C=2C=CC=C(F)C2,0
C=CC(=O)NC1(CC1)C2CCSCC2,0
C=CC(=O)NCCC=1N=CC=C(N1)C2CC2,0
CC(C)(C)N1CCC(CNC(=O)C=C)C1,0
OCC=1C=C2CN(CCCN2N1)C(=O)C=C,0
CP(=O)(C)C1CCN(CC1)C(=O)C=C,0
C=CC(=O)N1CC(CC2CCOCC2)C1,0
CC(C)(C)OC1CCN(CC1)C(=O)C=C,0
C=CC(=O)N1CCCC1C=2C=CC=3OCCOC3C2,0
"C[C@@H]1CC=CC[C@H]1NC(=O)C=C |&1:1,6,r|",0
CN(CC1CCN(C1)C(=O)C=C)CC=2SC=NC2C,0
CON(C)C(=O)C1CCN(CC1)C(=O)C=C,0
C=CC(=O)N1CCCCC1C2=NC(=NO2)C=3N=CC=CN3,0
COC1C2CC3CN(C1C3C2)C(=O)C=C,0
CC1(CN(CCO1)C(=O)C=C)C(F)F,0
FC1(F)CCCC1NC(=O)C=C,0
ClC=1C=CC=CC1CN(C2COC2)C(=O)C=C,0
CC1CC(C)(C)CCC1NC(=O)C=C,0
C=CC(=O)N1CCCCC=2SC=CC12,0
CC1CCC(C)(CC1)NC(=O)C=C,0
C=CC(=O)N1CCC(C1)C2CCCO2,0
CN(C)C(=O)[C@@H]1CCCN1C(=O)C=C,0
CC1N(CCC21CCOCC2)C(=O)C=C,0
CC1CC2(CN1C(=O)C=C)CCOCC2,0
CC1(C)CC(CNC(=O)C=C)CCO1,0
C=CC(=O)N1CC(CC=2C=CSC2)C1,0
CN(C)C(=O)N1CCN(CC1)C(=O)C=C,0
CC1CCN(CCS1)C(=O)C=C,0
C=CC(=O)N1CCSCC1C2=NC=CS2,0
CC(C)N(C)C(=O)C1CSCN1C(=O)C=C,0
C=CC(=O)NCC1CCC=C1,0
C=CC(=O)N(C1CC1)C2CCS(=O)(=O)C2,0
CC1=NOC(CNC(=O)C=C)C1,0
FC1(F)CC(C1)NC(=O)C=C,0
CCN(C1CCS(=O)(=O)C1)C(=O)C=C,0
COC1CC(NC(=O)C=C)C1(C)C,0
CC1(C)CC(CCO1)NC(=O)C=C,0
CC(NC(=O)C=C)C=1C(C)=NN(CC(F)(F)F)C1C,0
C=CC(=O)NC1CCSCC1,0
CN(C1CCCC2=C1C=NN2C)C(=O)C=C,0
FC1(CCC2(CC1)NC(=O)C=C)CC2,0
C=CC(=O)N1CSCC1C(=O)N2CCCC2,0
C=CC(=O)NC1CC2CCC(C2)C1,0
CC=1C=CC=CC1C2CCN(C2)C(=O)C=C,0
C=CC(=O)NC1CCOC(C1)C2=CC=CS2,0
CC1(F)CC(C1)NC(=O)C=C,0
CC(C)C1CCCCC1NC(=O)C=C,0
CC=1C=CC=C(C1)C2CCN(C2)C(=O)C=C,0
CCC1CN(CC(C)S1(=O)=O)C(=O)C=C,0
CC1N(CCN(C)C1=O)C(=O)C=C,0
COC1C(C)C(NC(=O)C=C)C21CCC2,0
CC(C)(C)C1CC(C1)NC(=O)C=C,0
CC1CSCCN(C1)C(=O)C=C,0
C[C@@H]1CN(CCN1S(=O)(=O)C)C(=O)C=C,0
CC1CN(CCC=2C=CC=CC12)C(=O)C=C,0
C=CC(=O)NC1CC2CCC1C2,0
C=CC(=O)N1CCOC(C1)C2CCCO2,0
CC1OCCC1(C)NC(=O)C=C,0
CC1COCCC1NC(=O)C=C,0
CCN(C)C(=O)C1CSCN1C(=O)C=C,0
CN(C)C(=O)C1CCCC(C1)NC(=O)C=C,0
C=CC(=O)NC1CCCCCC1,0
"CC[C@@H]1OCC[C@H]1NC(=O)C=C |&1:2,6,r|",0
CN(C1CCN(CC1)S(=O)(=O)C)C(=O)C=C,0
CC1(CNC(=O)C=C)CC(F)(F)C1,0
CC1(C)CC1(C)CNC(=O)C=C,0
C=CC(=O)NC1CCCC2OCCC21,0
C=CC(=O)N1CCOCC1C2CCCO2,0
CC1N(CCC=2SC=CC12)C(=O)C=C,0
CCC1=NN=C2CCC(CN12)NC(=O)C=C,0
"C=CC(=O)N[C@@H]1CCO[C@H]1C2CC2 |&1:5,9,r|",0
CCC1CCCC(C1)NC(=O)C=C,0
ClC=1C=NN(C1)C2CCN(CC2)C(=O)C=C,0
C[C@@H]1CN(CCS1(=O)=O)C(=O)C=C,0
CCC1=NC(=NO1)C2CCCN2C(=O)C=C,0
CC=1N=CC=CC1OCC2CCCN2C(=O)C=C,0
COCC1(CN(C1)C(=O)C=C)C2CC2,0
CC1OC(C)C(NC(=O)C=C)C1C,0
C=CC(=O)N1CCSCC1C2=CC=CS2,0
CN1C=C2C(CCCC2=N1)NC(=O)C=C,0
C=CC(=O)N1CCCN(CC1)C=O,0
C=CC(=O)NCC1CCSC1,0
C=CC(=O)NC1CCN(C1)C(=O)CC=2C=CC=CC2,0
CN1C(=O)C=CC=2C=CC(NC(=O)C=C)=CC12,0
C=CC(=O)NCCC1CC=2C=CC=CC2C1,0
CC1=NOC(=N1)C2CCC(CC2)NC(=O)C=C,0
C=CC(=O)N1CCCC(C1)C2=NC(=NN2)C=3C=CC=CC3,0
CC1=CSC(NC(=O)C2CCCN(C2)C(=O)C=C)=N1,0
CC1=C(NC(=O)C=C)C=NN1C(C)(C)C,0
C=CC(=O)NCCCC1=NN=C(C2CC2)N1C=3C=CC=CC3,0
C=CC(=O)N1CCC2(CCCC2)C1,0
CC1=CSC(=N1)N2CCN(CC2)C(=O)C=C,0
C=CC(=O)NC1CCOC2(CCCCC2)C1,0
C=CC(=O)N1CC(C1)N2CCCC2=O,0
C=CC(=O)NCC1CC2CCC(C1)S2,0
CC(C)(NC(=O)C=C)C(=O)N1CCCC1,0
C=CC(=O)NCC1CCC(=C)CC1,0
FC1CCC(CNC(=O)C=C)CC1,0
C=CC(=O)NC1CCSC2(CCC2)C1,0
CC1(C)C(CNC(=O)C=C)C1(C)C,0
C=CC(=O)N[C@@H]1CCCOC1,0
CC(C)(NC(=O)C=C)C1CCOCC1,0
C=CC(=O)N1CCOCC1CC2CCCO2,0
CCC1CC=2C=CC=CC2CN1C(=O)C=C,0
CC(C)CN1CCN(C(C)C1=O)C(=O)C=C,0
C=CC(=O)NCC1CCCOC1,0
CC=1C=CC(=CC1)C2CCCN2C(=O)C=C,0
"C[C@@]12CSC[C@H]2CN(C1)C(=O)C=C |&1:1,5,r|",0
CC1(C)C(CNC(=O)C=C)C1(F)F,0
CC1=CSC(CC2CCN(C2)C(=O)C=C)=N1,0
C=CC(=O)NCC1=CCCC1,0
C=CC(=O)N1CCN(C1)C(=O)C2CC2,0
CC1CC(CNC(=O)C=C)CC(C)O1,0
C=CC(=O)N1CCC(CC1)C=2C=CC=CN2,0
CC1(C)CN(C1C=2C=CC=CC2)C(=O)C=C,0
C=CC(=O)N1CCCC(CC2CCOC2)C1,0
COC1(C)CC(NC(=O)C=C)C1(C)C,0
CC=1C=CC=CC1CC2CN(C2)C(=O)C=C,0
CC=1C=CC(=CC1)C2CCN(C2)C(=O)C=C,0
FC(F)[C@H]1C[C@@H]1NC(=O)C=C,0
CC1(C)COC(CNC(=O)C=C)C1,0
CN1N=CC=C1[C@H]2OCC[C@@H]2NC(=O)C=C,0
CC1=CC=C(S1)C2CCCN2C(=O)C=C,0
CC(=O)N1CCN(C(=O)C=C)C(C)(C)C1,0
CN(C)C(=O)N(C)C1CCN(C1)C(=O)C=C,0
"CO[C@@H]1COC[C@@H]1NC(=O)C=C |&1:2,6,r|",0
CC1CCN(CCS1(=O)=O)C(=O)C=C,0
FC(=C1CCN(CC1)C(=O)C=C)F,0
C=CC(=O)NC1CC2CCC1C=C2,0
CN1N=CC=C1C2CN(CCO2)C(=O)C=C,0
CN1CCC(CC1=O)NC(=O)C=C,0
C=CC(=O)N1CCC(CN2CCCC2=O)C1,0
"C[C@@H]1C[C@H]1[C@@H]2C[C@H]2NC(=O)C=C |&1:1,3,&2:4,6,r|",0
CCC1CN(CC2(CCOC2)O1)C(=O)C=C,0
CCC1N(CCN(C)C1=O)C(=O)C=C,0
CC(C)C1CN(CCS1)C(=O)C=C,0
CC1(C)CCCN(C1CC=C)C(=O)C=C,0
CC1(C)CCC(C)(CC1)NC(=O)C=C,0
CC=1C=CC(CC2CN(C2)C(=O)C=C)=CC1,0
CC1(C)OCCC1NC(=O)C=C,0
FC1CCCC(CNC(=O)C=C)C1,0
"FC(F)[C@@H]1C[C@@H]1NC(=O)C=C |&1:3,5,r|",0
CC(C)(C)C1CC(CCO1)NC(=O)C=C,0
CC(C)C1=NN=C2CN(CCN12)C(=O)C=C,0
CC1CN(CCN1C(=O)C=C)C(=O)C,0
C=CC(=O)N1CCC(C1)C(=O)N2CCCC2,0
CC1CCS(=O)(=O)CCN1C(=O)C=C,0
CCN1CCN(C(C)C1=O)C(=O)C=C,0
C=CC(=O)NC1COCC1C2CC2,0
COC=1C=CC=2CC(COC2C1)NC(=O)C=C,0
C=CC(=O)N1CC(CC#N)C1,0
CN(C)C(=O)CC1CCN(CC1)C(=O)C=C,0
CC(NC(=O)C=C)C12CC2CCCC1,0
CC=1N=CC(NC(=O)C=C)=C(N1)C2CC2,0
C=CC(=O)N1CCC(C1)C2=NC=CS2,0
"CO[C@@H]1CCOC[C@H]1NC(=O)C=C |&1:2,7,r|",0
CC1(C)CCC(CNC(=O)C=C)OC1,0
FC(F)CC1CC2CCC(C1)N2C(=O)C=C,0
CC(C)(NC(=O)C=C)C1CCCCO1,0
CC1CC(N(C1)C(=O)C=C)C=2C=CC=CC2,0
CC(=O)NC=1C=CC=C2N(CCCC12)C(=O)C=C,0
COC=1C=CC=C(F)C1N2CCN(CC2)C(=O)C=C,0
FC1(CCN(C1)C(=O)C=C)C=2C=CC=CC2,0
CC(=O)NC1(CCN(C1)C(=O)C=C)C2=NC(C)=CS2,0
FC(F)(F)C=1C=CN=C(N1)C2CCCN2C(=O)C=C,0
C=CC(=O)N1CCCC(C1)C2=NC=CS2,0
FC=1C=CC=C(CN2CCN(CC2=O)C(=O)C=C)C1,0
C=CC(=O)N1CCC2(CCN(CC=3C=CC=CC3)C2)C1,0
C=CC(=O)NCC1=CC=C(S1)S(=O)(=O)N2CCOCC2,0
C=CC(=O)NCC1=NN=C2CCCCCN12,0
C=CC(=O)NCC1=NN=C(S1)C2CC2,0
C=CC(=O)N1CCOC(CCC=2C=CC=CC2)C1,0
C=CC(=O)N1CCC(CC1)C2=NC=C3CCCCN23,0
C=CC(=O)NCC=1C=CC=C(C1)C(=O)N2CCOCC2,0
CN1C=CN=C1CC2CCCN(C2)C(=O)C=C,0
FC=1C=CC(=CC1CNC(=O)C=C)C2CC2,0
CC(=O)NCC1CCCN(C1)C(=O)C=C,0
C=CC(=O)N1CCN2N=CC=C12,0
C=CC(=O)N1CC(CC=2C=CC=CC12)N3C=CC=N3,0
C=CC(=O)N1CCOCC21CCOC2,0
C=CC(=O)N1CCC(CC=2C=CC=CC2)C1,0
C=CC(=O)N1CCCC(CNC(=O)C=2C=CC=CC2)C1,0
C=CC(=O)N1CC(C=2C=CC=CC2)C3(CCC3)C1,0
COC=1C=CC(CN2CCN(CC2)C(=O)C=C)=CC1F,0
FC=1C=CC=C(CC2CCCN2C(=O)C=C)C1,0
COC=1C=CC=CC1CC2CCCN2C(=O)C=C,0
COCC(=O)N1CCN(CC1)C(=O)C=C,0
FC=1C=CC(CN2CCCN(CC2)C(=O)C=C)=CC1,0
C=CC(=O)NC1CCN(C1)C=2C=CC=CN2,0
CN1CCC=2C(NC(=O)C=C)=CC=CC2C1=O,0
COCCC1CN(C1)C(=O)C=C,0
C=CC(=O)NC=1C=CC=C(CN2CCNC(=O)C2)C1,0
CC(C)(C)C1=NC(=NO1)C(C)(C)NC(=O)C=C,0
C=CC(=O)N1CCC2(CCC2)S(=O)(=O)CC1,0
COC=1C=CC(NC(=O)C=C)=CN1,0
C=CC(=O)N1CCC2(C1)OCC=3C=CC=CC32,0
CN(CCN1CCCS1(=O)=O)C(=O)C=C,0
FC(F)OC1CCC(C1)NC(=O)C=C,0
CN1C=C(CN2C[C@@H](F)C[C@H]2CNC(=O)C=C)C=N1,0
C=CC(=O)NCC=1N=CC=2CCCC2N1,0
CC1(C)CN(CCNC(=O)C=C)CCO1,0
C=CC(=O)N1CC2CC1CS2(=O)=O,0
CN(C)C1=NC(CNC(=O)C=C)=CS1,0
C=CC(=O)NC1CCC2=NN=NN2CC1,0
C=CC(=O)N1CCOCC(C1)C2CCC2,0
CC1=NOC(C)=C1COC2CCN(C2)C(=O)C=C,0
C=CC(=O)NCCS(=O)(=O)C1=CC=CS1,0
C=CC(=O)NC1CCC(=O)NC21CCC2,0
C=CC(=O)NCC1=CN2C=CC=CC2=N1,0
CC(=O)N1CC(C1)NC(=O)C=C,0
C=CC(=O)N(CCC#N)CC1CCOC1,0
CC(NC(=O)C=C)C1=CN=C(S1)C(F)(F)F,0
CO[C@H]1C[C@@H](CNC(=O)C=C)C1,0
COCC1(CCCN1C(=O)C=C)C(=O)N,0
C=CC(=O)N1CCOC(C1)C2CC2,0
C=CC(=O)N1CCC(=O)NC=2C=CC=CC12,0
FC(F)(F)C1=NN=C(S1)N2CCCN(CC2)C(=O)C=C,0
C=CC(=O)N1CCN(CC1)C2CCOC2,0
CN1C=CN=C1C(NC(=O)C=C)C2=NC=CN2C,0
C=CC(=O)NCCN1CCCS1(=O)=O,0
C=CC(=O)NCC=1C=C2CCCCN2N1,0
FC=1C=CC=CC1C2=CC=C(CNC(=O)C=C)O2,0
FC(F)(F)C=1C=CC(=CC1)C2(CC2)NC(=O)C=C,0
FC(F)(F)C1CCCC(CNC(=O)C=C)C1,0
C=CC(=O)NC1CCCC1CC=2C=CC=CN2,0
C=CC(=O)NC=1C=CC=C2OCCC21,0
OC(=O)C=1C=CC=2CCN(CCC2C1)C(=O)C=C,0
C=CC(=O)NCC=1C=CC=NC1N2CCCC2,0
OC(=O)C1(CCN(C1)C(=O)C=C)C=2C=CC=CC2,0
CC=1N=CC=C(CNC(=O)C=C)N1,0
CC1=NN=C(O1)N2C[C@@H](F)C[C@H]2CNC(=O)C=C,0
C=CC(=O)NCCN1CCNC(=O)C1,0
C=CC(=O)NCC=1C=CC=2CCCCC2N1,0
CN1CCCC1C(=O)N2CCN(CC2)C(=O)C=C,0
C=CC(=O)N(CC1CCCO1)C2CCSC2,0
CC(NC(=O)C=C)C1=NN=C(C)N1,0
"CC1(C)OC=2C=CSC2[C@@H](NC(=O)C=C)[C@@H]1O |&1:9,15,r|",0
ClC=1C=CC(=CC1)C(CNC(=O)C=C)N2C=CC=N2,0
COC=1C=CC(CN(C2CCS(=O)(=O)C2)C(=O)C=C)=CC1,0
CN(CC(=O)N[C@H]1CCCOC1)C(=O)C=C,0
CN(CC(=O)NC1=CSC(C)=N1)C(=O)C=C,0
CC=1N=C(SC1C)C2CCCN(C2)C(=O)C=C,0
CC1CCN(C1C=2C=CC=CC2)C(=O)C=C,0
CC1SCCC1NC(=O)C=C,0
CN(CC1=CCCOC1)C(=O)C=C,0
COC=1C=CC(=CC1OC)N(C)C(=O)C=C,0
C[C@H]1CN(CCS1(=O)=O)C(=O)C=C,0
C=CC(=O)NCC1CC2(CO1)CCOCC2,0
C=CC(=O)N1CCCC(C1)C2CCOCC2,0
CC1(CN(C1)C(=O)C=C)C#N,0
C[C@@H]1CN(CCS1)C(=O)C=C,0
FC(F)C1CN(CCO1)C(=O)C=C,0
CN1CCN(C(=O)C=C)C(C)(C)C1=O,0
CN1N=CC=C1C[C@@H]2CCCN2C(=O)C=C,0
CC1CC=2C=C(Cl)C=CC2N1C(=O)C=C,0
CN1C=C(C=N1)C=2C=CC=CC2CNC(=O)C=C,0
CC=1C=CC(CN2CCC(C2)NC(=O)C=C)=CC1,0
CC(C)C=1ON=C(C)C1NC(=O)C=C,0
CC(CC1=CC(C)=NN1C=2C=CC=CC2)NC(=O)C=C,0
CN1CC(CNC(=O)C=C)CC=2C=CC=CC12,0
FC=1C=CC(OCC2CN(CCO2)C(=O)C=C)=CC1F,0
CN(CCNC(=O)C=C)S(=O)(=O)C1=CC=CS1,0
CCN(CC=1C=CC=2C=CC=CC2N1)C(=O)C=C,0
C=CC(=O)NC=1C=NN(CC2CCCO2)C1,0
CNC(=O)C1CCCC1NC(=O)C=C,0
CNC(=O)C1=CC=C(C2CCCCN2C(=O)C=C)N1C,0
COCC1(CNC(=O)C=C)OCCC=2C=CC=CC21,0
CN1C=C(C=N1)C(NC(=O)C=C)C(F)(F)F,0
CC=1N=C2C(CCCN2N1)NC(=O)C=C,0
CC1=NOC=2N=CC(NC(=O)C=C)=CC12,0
CN1C=C(C=N1)C2CN(CC32CCOCC3)C(=O)C=C,0
CC1(C)CN(CCN1C(=O)C=C)S(=O)(=O)C,0
OC(=O)[C@@H](NC(=O)C=C)C=1C=CC=CC1,0
NC(=O)CCC1CCCN(C1)C(=O)C=C,0
C=CC(=O)N1CCOCC2(CCCC2)C1,0
CN1N=CC=C1CCNC(=O)C=C,0
CC=1C=CC=2N(CCC2C1)C(=O)C=C,0
C=CC(=O)NC1CCC1C2CC2,0
CN(C)S(=O)(=O)C1CCCN(C1)C(=O)C=C,0
C=CC(=O)N1CCS(=O)(=O)C2CCCC21,0
CCC(=O)N1CCC(NC(=O)C=C)C(C)C1,0
COC1COCCC1NC(=O)C=C,0
C=CC(=O)N1CCN(CCC#N)CC1,0
CC1(CC1)C2(CC2)NC(=O)C=C,0
"C=CC(=O)N[C@@H]1C[C@H]2CC[C@@H]1O2 |&1:5,7,10,r|",0
"CC1(C)CN([C@@H]2COC[C@H]2O1)C(=O)C=C |&1:5,9,r|",0
CC(NC(=O)C=C)C=1C(C)=NOC1C,0
FC1(F)CCCCC1CNC(=O)C=C,0
CC1=CN=C(S1)N2CCN(CC2)C(=O)C=C,0
C=CC(=O)N1CCCCC1CN2C=CC=N2,0
CC=1C=C(C)N(CCCNC(=O)C=C)N1,0
ClC=1C=C(C=CN1)C(NC(=O)C=C)C2CC2,0
C=CC(=O)NCC=1C=CN(N1)C2CCCC2,0
C[C@H](NC(=O)C=C)C1CCCC(C)C1,0
C=CC(=O)N1CC2(C1)CCCCC2,0
C=CC(=O)NC1=NC=2CCCCCCC2S1,0
CN1C=CC=2CCN(CC21)C(=O)C=C,0
CN1C=C(CC2CCN(C2)C(=O)C=C)C=N1,0
CN1CCN(CC1C2=NC=CN2C)C(=O)C=C,0
CNC(=O)C=1C=CN(N1)C2CCCN(C2)C(=O)C=C,0
CC1=NN(C)C=C1C2CCCN2C(=O)C=C,0
FC(F)(F)C=1C=CC(=CC1)C2CN(CCO2)C(=O)C=C,0
FC(F)OC=1C=CC=C(C1)N2CCN(CC2)C(=O)C=C,0
CC(=O)NC1CCCN(C1)C(=O)C=C,0
FC(F)(F)C=1C=CC(=CC1)C2CCN(C2)C(=O)C=C,0
C=CC(=O)N1CCCC(C1)C2=NN=C3CCCN23,0
C=CC(=O)NCCC1=NC=2CCCCC2S1,0
CC1(CN(C1)C(=O)C=C)C=2C=CC=CC2F,0
CS(=O)(=O)C1CCCN(C1)C(=O)C=C,0
FC(F)(F)C=1C=CN(N1)C2CCN(CC2)C(=O)C=C,0
FC=1C=CC=C2OCCN(CC12)C(=O)C=C,0
CC1(C)CN(C1C2=NC=CN2CC3CC3)C(=O)C=C,0
C=CC(=O)N1CCC(CC1)NC(=O)C=2C=CN=CC2,0
C=CC(=O)N1CC(C1)S(=O)(=O)N2CCC=3C=CC=CC23,0
CS(=O)(=O)NC1CCCN(C1)C(=O)C=C,0
COCCN1CCN(CC1=O)C(=O)C=C,0
COC=1C=CC=2CN(CCCC2C1)C(=O)C=C,0
CC1N(CCC=2C=CC=C(F)C12)C(=O)C=C,0
FC=1C=CC(COC2CCN(CC2)C(=O)C=C)=CC1,0
C=CC(=O)N1CSCC1C(=O)NCC2CC2,0
CC=1N=C(C)N(C[C@@H]2CCCN2C(=O)C=C)N1,0
C=CC(=O)N1CCC(CC1)C2=NN=C3CCCCN23,0
CC1=NN=C(O1)C2CC=3C=CC=CC3CN2C(=O)C=C,0
CCN1C=C(C=N1)C2CN(CCO2)C(=O)C=C,0
CC(C)S(=O)(=O)C1CCN(CC1)C(=O)C=C,0
ClC=1C=CC=C(O[C@@H]2CCN(C2)C(=O)C=C)C1,0
C=CC(=O)NCC(=O)N1CC=2C=CC=CC2C1,0
C=CC(=O)N1CCCC(C1)N2CCOCC2,0
C=CC(=O)N1CCCC(C1)N2CCCC2=O,0
NC(=O)CC1CCCCN1C(=O)C=C,0
FC=1C=CC=C(OC2CCN(CC2)C(=O)C=C)C1,0
CC1=NC(CN2CCCN(CC2)C(=O)C=C)=NO1,0
CN1N=CC=C1C2CCCCN2C(=O)C=C,0
C=CC(=O)N1CCC2=C(C1)C=NN2C=3C=CC=CC3,0
COC=1C=CC=C(CNC(=O)C=C)N1,0
C=CC(=O)N1CCCC(C1)C(=O)N2CCOCC2,0
C=CC(=O)N1CCC(CN2C=CC=N2)CC1,0
C=CC(=O)N1CCC(C1)C=2C=CC=NC2,0
CC1(C)CN(CC=2C=CC(F)=CC2)CCN1C(=O)C=C,0
C=CC(=O)N1CCN(CC1)C(=O)C=2C=CN=CC2,0
FC=1C=CC=CC1CC2CN(C2)C(=O)C=C,0
COC=1C=CC(=CC1F)C2CCN(C2)C(=O)C=C,0
C=CC(=O)N1CCN2C(=NN=C2C1)C3CCCC3,0
CC(C)C1=NC=2CN(CCC2N1C)C(=O)C=C,0
C=CC(=O)N1CCC[C@@H]2[C@H]1CNC2=O,0
C=CC(=O)NCC1=NN=C2C=CC=CN12,0
CC(C)CN1N=C(C)C(C2CCCN2C(=O)C=C)=C1Cl,0
C=CC(=O)N1CCC(C1)NC(=O)C2CCC2,0
C=CC(=O)N1CC2(CCC2)C1C=3C=CN=CC3,0
CC=1C=C(C=CC1F)C2CN(CCO2)C(=O)C=C,0
CC(=O)NCC1CCCCN1C(=O)C=C,0
C=CC(=O)NCCN1C(=O)CC=2C=CC=CC12,0
CC=1C=NN(C1)C2CCCN(C2)C(=O)C=C,0
C=CC(=O)NCC1=CC=NS1,0
C=CC(=O)N1CCSC2(CCCCC2)C1,0
C=CC(=O)N1CCN(C(=O)C1)C=2C=CC=NC2,0
CCC1(C)CCC(CC1)NC(=O)C=C,0
CC1N(CN(C)C1=O)C(=O)C=C,0
C=CC(=O)NC1CCCOC1,0
C=CC(=O)NCC1=CCOCC1,0
CC1=CSC(=N1)C(C)(C)NC(=O)C=C,0
CC1OCCC21CN(CCO2)C(=O)C=C,0
CC=1N=C(SC1C)C(C)(C)NC(=O)C=C,0
CC1(C)CC=2C=CSC2CN1C(=O)C=C,0
FC(F)(F)CC1CCN(C1)C(=O)C=C,0
ClC=1C=CC=CC1C2CCCN2C(=O)C=C,0
FC=1C=CC=CC1CO[C@H]2CCCN(C2)C(=O)C=C,0
CC1(CCN(C1)C(=O)C=C)C=2C=CC=C(F)C2,0
C=CC(=O)N1CCN(CC1)C2CCNC(=O)CC2,0
CC1=NC(CCNC(=O)C=C)=C(C)O1,0
C=CC(=O)N1CCC(CC1)S(=O)(=O)N2CCCC2,0
C=CC(=O)N1CSCC1C(=O)N2CCOCC2,0
COC=1C=CC=C(C1)C2CCCN2C(=O)C=C,0
C=CC(=O)N1CCN(CC2=CSC=N2)CC1,0
C[C@H](NC(=O)C=C)C1=NC=CS1,0
CN1CCN(C(=O)C=C)C=2C=CC=CC12,0
CC=1C=C(CN2CCN(CC2)C(=O)C=C)ON1,0
CC(NC(=O)C=C)C1=CCN(C)CC1,0
CC1(C)N(CCC=2C=CC=CC21)C(=O)C=C,0
FC=1C=CC=2N(CCN(C3CC3)C2C1)C(=O)C=C,0
COC=1C=CC=2OCCN(C(=O)C=C)C2C1,0
FC=1C=CC=CC1N2CCN(CC2)C(=O)C=C,0
C=CC(=O)N1CCC(CC1)OC=2C=NC=CN2,0
CC=1C=CC=2OCCN(CC2C1)C(=O)C=C,0
FC=1C=CC(=CC1)C2CCCN2C(=O)C=C,0
CC=1C=NC=2OCCN(C(=O)C=C)C2C1,0
CN1CCC2(CCN(CC2)C(=O)C=C)C1=O,0
CN1CCCN(C(=O)C=C)C=2C=CC=CC12,0
C=CC(=O)NCC1CCC=2C=CC=NC12,0
FC(F)(F)C=1C=C(CNC(=O)C=C)C=CN1,0
C=CC(=O)N1CCC(CC1)C2=NC=CO2,0
C=CC(=O)N1CCCC1C2=NC=CS2,0
CC1=CSC(=N1)C2CCCN2C(=O)C=C,0
C=CC(=O)N1CCC(COC=2C=CC=CC2)CC1,0
C=CC(=O)N1CCC=2C=CC=CC2C1,0
C=CC(=O)N1CCC(CC1)N2CCN3C=CN=C3C2,0
C=CC(=O)N1CCC(CC1)N2CCCNC2=O,0
C=CC(=O)N1CCC(CC1)(C#N)C=2C=CC=CN2,0
CC=1N=CSC1CNC(=O)C=C,0
CC1N(CC=2C=CC=CC12)C(=O)C=C,0
C=CC(=O)N1CCC(CC1)OCC2CC2,0
C=CC(=O)N1CCCC(C1)C=2C=CC=CC2,0
C=CC(=O)N1CC2(CCC2)C1C3CCOCC3,0
C=CC(=O)N1CCC2(CC2CN3CCCC3)CC1,0
FC(F)(F)C1(CCN(C1)C(=O)C=C)C2=NC(=NO2)C3CC3,0
ClC=1C=CC=C2CCN(CC12)C(=O)C=C,0
C=CC(=O)N1CCCC1C=2C=CC=CN2,0
C=CC(=O)N1CCC(C1)C=2C=CC=CC2,0
ClC=1C=CC=C(C1)C2CCN(C2)C(=O)C=C,0
C=CC(=O)N1CC(CC=2C=CC=CC2)C1,0
CC(CN1C=NC=N1)NC(=O)C=C,0
C=CC(=O)N1CCOC(CC=2C=CC=CC2)C1,0
CC1(C)CN(CCN1C(=O)C=C)C(=O)C2CC2,0
C=CC(=O)N1CCCC(C1)C=2C=CC=CN2,0
COC=1C=CN=C(C1)N2CCN(CC2)C(=O)C=C,0
CC1(C)CN(C1C=2C=CC=NC2)C(=O)C=C,0
COC[C@H]1[C@@H]2CN(C[C@H]12)C(=O)C=C,0
CC1(C)CN(C1C2=CC=CS2)C(=O)C=C,0
CC(CO)(NC(=O)C=C)C=1C=CC=C(C1)C(F)(F)F,0
CC=1C=C(NC(=O)C=C)N(N1)C2CCOCC2,0
C=CC(=O)N1CCC2OCCCC2C1,0
CN1C=C(CNC(=O)C=C)C=N1,0
CC1=NOC(COC2CN(C2)C(=O)C=C)=N1,0
C=CC(=O)NCC1=CC=NO1,0
CN1CCN(CC21CCOC2)C(=O)C=C,0
COC1=NSC=C1NC(=O)C=C,0
CC1=NN(C)C(C)=C1C2COCCN2C(=O)C=C,0
ClC=1C=CC=C(C1)C(=O)N2CCN(CC2)C(=O)C=C,0
C=CC(=O)N1CCN(CC1)C(=O)C2CCCO2,0
NC(=O)C1(CC2C1)N(C2)C(=O)C=C,0
COCC1(O)CCOCC1NC(=O)C=C,0
O[C@H](CNC(=O)C=C)CC=1C=CC=CC1,0
OC(=O)C1(CCNC(=O)C=C)CCC1,0
C=CC(=O)N1CCN(CC=2N=CON2)CC1,0
COC1(C)CCCN(C1)C(=O)C=C,0
"CN([C@@H]1CS(=O)(=O)C[C@H]1O)C(=O)C=C |&1:2,8,r|",0
"OC[C@@H]1COC[C@@H]1NC(=O)C=C |&1:2,6,r|",0
OC1CC(C2CC2)N(C1)C(=O)C=C,0
CC=1C=CC=C(C1)N(C2CCOCC2)C(=O)C=C,0
COC=1C=CC(CC2CCCCN2C(=O)C=C)=CC1,0
C=CC(=O)NCC1=NOCC1,0
OCC1(CC=CC1)C(NC(=O)C=C)C=2C=CC=CC2,0
CC(NC(=O)C=C)C1CC1(F)F,0
C=CC(=O)N1CCN(C(=O)C1)C=2C=CC=CC2,0
CC=1C=CC=C(C1)N2CCCC(C2)NC(=O)C=C,0
CC=1C=C(C)N(CCNC(=O)C=C)N1,0
OCCC(NC(=O)C=C)C=1C=CC(Cl)=C(F)C1,0
CC1CCN(CCO1)C(=O)C=C,0
CC(NC(=O)C=C)C1=NC(CC=2C=CC=CC2)=NO1,0
CN(C)C(=O)[C@@H](CC=1C=CC=CC1)NC(=O)C=C,0
COC=1C=C(C=CC1F)C2CN(CCO2)C(=O)C=C,0
CC(=O)N1CC[C@H](C1)NC(=O)C=C,0
CC1N(CCOC=2C=CC=CC12)C(=O)C=C,0
CN(CC1COCCO1)C(=O)C=C,0
CCCN1CC(CC1=O)NC(=O)C=C,0
COC=1C=CC=CC1C(=O)N2CCN(CC2)C(=O)C=C,0
FC=1C=CC=NC1CCNC(=O)C=C,0
CN1N=CC=C1C[C@H]2CCCN2C(=O)C=C,0
CC=1C=C(C)N(N1)C=2C=CC=C(CNC(=O)C=C)C2,0
CN1C=C(C=N1)C2N(CC2(C)C)C(=O)C=C,0
COCC=1N=CC=2CN(CCC2N1)C(=O)C=C,0
C=CC(=O)NCCC1=NC=2CCCCCC2S1,0
CN1N=NN=C1C=2C=CC(NC(=O)C=C)=CC2,0
CN1C=NC(CCCNC(=O)C=C)=N1,0
COC=1C=CC=2C=CN=C(C(C)NC(=O)C=C)C2C1,0
C=CC(=O)NC=1C=CC=CC1CN2CCCCC2,0
COC=1C=CC(=CC1F)C(C)(C)NC(=O)C=C,0
CC(C)CC(=O)N1CCCN(CC1)C(=O)C=C,0
C=CC(=O)N1CC(C1)C2=NC(=NO2)C=3C=CC=CC3,0
CC=1N=C(O)N(N1)C2CCN(CC2)C(=O)C=C,0
C=CC(=O)N1CCC2(C1)CCS(=O)(=O)CC2,0
CC1=CSC(CC2CCCN(C2)C(=O)C=C)=N1,0
CN(C(=O)C)C=1C=CC(CNC(=O)C=C)=CC1,0
COC1CC(C1)NC(=O)C=C,0
C=CC(=O)N1CCCC=2SC=CC2C1,0
FC(F)OC=1C=CC(F)=CC1CNC(=O)C=C,0
COCC(=O)N1CCCC=2C=CC(NC(=O)C=C)=CC12,0
CN(CC=1C=C(NN1)C=2C=CC=CC2)C(=O)C=C,0
C=CC(=O)N1CCCC(C1)N2CCCS2(=O)=O,0
C=CC(=O)N1CCC(CC1)C2=NC=NO2,0
CC1=NC(CN2CCN(CC2)C(=O)C=C)=CS1,0
CC(C)C1=NN=C(O1)C2CN(CCO2)C(=O)C=C,0
FC=1C=CC(=CC1)C2COCCN2C(=O)C=C,0
C=CC(=O)N1CCCN(CC2CCCO2)CC1,0
C=CC(=O)N1CCC(CC1)C2=NC(=NO2)C=3C=CC=CN3,0
C=CC(=O)N1CCN(CC1)C(=O)C=2C=CC=CC2,0
C=CC(=O)N1CCOC2(CCOCC2)C1,0
COC=1C=CC=C(CC2CCN(CC2)C(=O)C=C)C1,0
ClC=1C=CC(=CC1)C2=CNC(CNC(=O)C=C)=N2,0
CCN1CCN(CC1)C(=O)CC2CCN(CC2)C(=O)C=C,0
CC1=NC=2C=CC=CC2N1C3CCN(CC3)C(=O)C=C,0
CC1CN(CCN1C(=O)C=C)C=2C=CC=C(F)C2,0
C=CC(=O)N1CCCC(CNS(=O)(=O)C2CC2)C1,0
C=CC(=O)N1CCC(CC1)C=2C=CON2,0
FC=1C=CC(CC2CCN(C2)C(=O)C=C)=CC1F,0
CC(C)N1CCN(CC=2C=CC=CC12)C(=O)C=C,0
C=CC(=O)N1CCOC(COC=2C=CC=CC2)C1,0
COC=1C=CC=CC1CN2CCN(CC2)C(=O)C=C,0
C=CC(=O)N1CCN(CC1)C(=O)C=2C=CSC2,0
FC(F)OC=1C=CC(=CC1)C2CN(CCO2)C(=O)C=C,0
CN1N=CC=C1CNC(=O)C=C,0
COC=1C=CC(CC2CCN(CC2)C(=O)C=C)=CC1,0
C=CC(=O)N1CCN(CC1)C(=O)C2CCC2,0
C=CC(=O)NC(C1CC1)C=2C=CC=NC2,0
CC1=CC(CN2CCN(CC2)C(=O)C=C)=NO1,0
CCC1N(CCN2C=CC=C12)C(=O)C=C,0
COC=1C=CC=C(CC2CCCN2C(=O)C=C)C1,0
C=CC(=O)N1CCC(CC1)OCC2CCOC2,0
CN1N=CC=C1C2COCCN2C(=O)C=C,0
CC1=NOC(=N1)C2CCN(C2)C(=O)C=C,0
C=CC(=O)NCC=1C=CC(=CC1)C2CC2,0
CC1=NC(=NO1)C2CCCN2C(=O)C=C,0
FC=1C=CC=C2CN(CCOC12)C(=O)C=C,0
CN1CCN(CC1C2=NC(=NO2)C3CC3)C(=O)C=C,0
C=CC(=O)N1C[C@@H]2COC[C@@H]2C1,0
C=CC(=O)N1CCC(CN2C=CN=N2)C1,0
C=CC(=O)N1CC2(CCC2)C=3C=CC=CC13,0
C=CC(=O)N1CCC(CN2CCCC2=O)CC1,0
CC(C)C=1C=CN=C(N1)N2CCN(CC2)C(=O)C=C,0
FC=1C=CC(CCN2CCN(CC2)C(=O)C=C)=CC1,0
C=CC(=O)N1CCOC2(CCCOC2)C1,0
C=CC(=O)N1CCCC(COC=2C=CC=CC2)C1,0
C=CC(=O)N1CCOC(CN2C=NC=N2)C1,0
CN(CC1=NNC(=N1)C=2C=CC=CC2)C(=O)C=C,0
FC=1C=NC=C(C1)N2CCCN(CC2)C(=O)C=C,0
C=CC(=O)N1CCC[C@H](CN2CCOCC2)C1,0
"CC(C)(C)N([C@@H]1COC[C@H]1O)C(=O)C=C |&1:5,9,r|",0
OCC1CC2(CN1C(=O)C=C)CCCCC2,0
CNC(=O)CC1(O)CCCN(C1)C(=O)C=C,0
C=CC(=O)N1CCC[C@@H]1C=2C=CON2,0
C=CC(=O)N1CC(C1)C=2N=CON2,0
CCN1N=CC=C1CNC(=O)C=C,0
C=CC(=O)N1CCC(C1)C=2N=CON2,0
NC(=O)CC1(CNC(=O)C=C)CCCCC1,0
CC1N(CCN2C(=NN=C12)C3CCCC3)C(=O)C=C,0
OC(=O)C[C@H]1CCCN(C1)C(=O)C=C,0
OC(=O)C[C@@H]1CCCN(C1)C(=O)C=C,0
NC(=O)C1CCCN(C1)C=2C=CC(NC(=O)C=C)=CN2,0
C=CC(=O)NCC1CCN(CC2CC2)CC1,0
CC(NC(=O)C=C)C1=NN=NN1C,0
OC(=O)C[C@@H]1CCCN1C(=O)C=C,0
C=CC(=O)NCC1CCCN(CC2CC2)C1,0
OCC1(CCN(C1)C(=O)C=C)C(F)(F)F,0
C=CC(=O)NCCN1C=CN=C1C=2C=CC=CC2,0
CC=1ON=CC1C(=O)N2CCN(CC2)C(=O)C=C,0
COC(CNC(=O)C=C)C=1C=CC(F)=C(C1)C(F)(F)F,0
CC(CCNC(=O)C=C)N1N=C(C)C(Cl)=C1C,0
ClC=1C=CC=2N3CCN(CC3=CC2C1)C(=O)C=C,0
FC=1C=CC=C2C(CCSC12)NC(=O)C=C,0
CN1C=CC(=N1)N2CCC(C2)NC(=O)C=C,0
CC(C)(C)C1=NN=C(CNC(=O)C=C)S1,0
COC=1C=CC=2CCCN(C(=O)C=C)C2C1,0
FC(F)(F)C=1C=CC=C2CN(CCC12)C(=O)C=C,0
C=CC(=O)N1CCC(CC1)OC=2C=CC=CC2,0
FC=1C=CC=C(CC2=NN=C3CN(CCN23)C(=O)C=C)C1,0
C=CC(=O)N1CCC2(COC2)C1,0
CC1(CCN(C1)C(=O)C=C)C(=O)N,0
CC1CN(CCN1C(=O)C=C)C=2C=CC=C(C)N2,0
C=CC(=O)N1CCCC1CN2C=CC=N2,0
C=CC(=O)N1CCCC2(CNC(=O)C2)C1,0
CC1(CCN(CC1)C(=O)C=C)C=2C=CC=CC2,0
C=CC(=O)N1C[C@H]2CCCC[C@H]2C1,0
ClC=1C=CC=CC1C2CN(CCO2)C(=O)C=C,0
C=CC(=O)NCC=1C=CON1,0
FC=1C=CC=C2N(CCCC12)C(=O)C=C,0
CC1CN(CCC=2C=CC(F)=CC12)C(=O)C=C,0
CC1COC=2C=CC=CC2CN1C(=O)C=C,0
CC1CN(CC(=O)N1)C(=O)C=C,0
CC=1C=CC=2C(CCNC(=O)C=C)=CN(C)C2C1,0
CC(C)(C1=CSC(NC(=O)C=C)=N1)C=2C=CC=CC2,0
C=CC(=O)NC1CC2(CC2)C1,0
COC=1C=CC(=CC1)N2N=C(C=C2NC(=O)C=C)C3CC3,0
ClC=1C=CC=CC1N2CCC(CNC(=O)C=C)C2,0
COC=1C=CC(=NC1)C2CCN(CC2)C(=O)C=C,0
ClC=1C=CC=2CCN(CC2C1)C(=O)C=C,0
CC=1N=CC=NC1N2CCN(CC2)C(=O)C=C,0
CN1C=CN=C1CN2CCCN(CC2)C(=O)C=C,0
C=CC(=O)N1CCC(COC=2C=CC=CC2)C1,0
CC1(C)CN(CC=2C=CC=CC2O1)C(=O)C=C,0
CN1C=C(C=N1)N2CCN(CC2)C(=O)C=C,0
ClC=1C=CC(OC2CCCN(C2)C(=O)C=C)=NC1,0
FC(F)(F)C=1C=CC=C(C1)C2CCN(C2)C(=O)C=C,0
C=CC(=O)N1CC(C1)OC=2C=CC=CC2,0
C=CC(=O)N1CCCC(C1)N2C=NC=N2,0
C=CC(=O)N1CCN(CC=2C=CC=3OCOC3C2)CC1,0
C=CC(=O)N1CCCC1C=2N=CON2,0
CNC(=O)C1CN(C1)C(=O)C=C,0
C=CC(=O)NCC1=CN(N=N1)C2CCC2,0
CCN1C=CN=C1CN2CCCN(CC2)C(=O)C=C,0
CC=1N=C(SC1C)C2CCN(CC2)C(=O)C=C,0
COC=1C=CC(CC2CCCN(C2)C(=O)C=C)=CC1,0
FC(F)(F)C=1C=CC=CC1C2CN(CCO2)C(=O)C=C,0
CCC(=O)N1CCCN(CC1)C(=O)C=C,0
C=CC(=O)N1CCC2(C1)OC=3C=CC=CC3O2,0
C=CC(=O)N1CCOCC1C=2C=CC=CC2,0
C=CC(=O)N1CCC(CC1)C=2C=CN=CC2,0
CN1CCN(C(CC=2C=CC=CC2)C1)C(=O)C=C,0
CC(C)N1CCN(CC1=O)C(=O)C=C,0
ClC=1C=CC=C(CC(=O)N2CCN(CC2)C(=O)C=C)C1,0
COC=1C=CC=CC1C2CCN(C2)C(=O)C=C,0
C=CC(=O)N1CCC(CC1)C2=NC=3CCCCC3S2,0
CC1N(CCN2C(Cl)=CC=C12)C(=O)C=C,0
CN(C)C1CCC=2C=CC=CC2C1NC(=O)C=C,0
C=CC(=O)NC(CC1CCCCC1)C2COCCO2,0
CC1=NC(=NO1)C2COCCN2C(=O)C=C,0
CN1C(=O)COC=2C=C(NC(=O)C=C)C=CC12,0
CC1=CN(CC=2C=CC=CC2)N=C1NC(=O)C=C,0
FC=1C=CC=CC1C2(F)CN(C2)C(=O)C=C,0
C=CC(=O)N1CC2CCC(C1)O2,0
FC=1C=CC=C(F)C1N2CCC(NC(=O)C=C)C2=O,0
CC1=CC(=NO1)C2CCCN2C(=O)C=C,0
C=CC(=O)N1CCC2=NOC=C2C1,0
CC(C)C(=O)C=1C=C(C)SC1NC(=O)C=C,0
FC(F)(F)C=1C=CN(CCNC(=O)C=C)N1,0
C=CC(=O)NC1CCCC2CCCCC12,0
C=CC(=O)NC(C1=CC=2C=CC=CC2O1)C=3C=CC=NC3,0
FC1(F)CC1CCNC(=O)C=C,0
CN1C=NC=2CN(CCC21)C(=O)C=C,0
COC1(CNC(=O)C=C)CCOC1,0
FC(F)C=1C=CC(NC(=O)C=C)=CN1,0
C=CC(=O)NCCC1CSC=2C=CC=CC2O1,0
FC=1C=CC=CC1N2CCC(CNC(=O)C=C)C2,0
C=CC(=O)N1CCC21CCOC2,0
C=CC(=O)N1CCN(CC1)C(=O)C2=CC=CO2,0
CN(CC=1OC=2C(C)=CC=CC2C1C)C(=O)C=C,0
C=CC(=O)NCC=1C=CC=2NC=NC2C1,0
CC=1C=CC(=NN1)N2CCCC(C2)NC(=O)C=C,0
CN1C=2CCCC(NC(=O)C=C)C2C=CC1=O,0
C=CC(=O)N1CCCC1C=2N=CC=CN2,0
C=CC(=O)N1CCN2C(C1)=CC=3C=CC=CC23,0
CC1=CSC(SC=2C=CC(NC(=O)C=C)=CC2)=N1,0
CCC1=NOC(=N1)C2CCC(C2)NC(=O)C=C,0
C=CC(=O)NCCN(CC=1C=CC=CC1)C=2C=CC=CN2,0
CCSC1(CNC(=O)C=C)CCOCC1,0
C=CC(=O)NCC1CCCC=2C=CC=CC12,0
C=CC(=O)NCCCC1(CCCCCC1)C2OCCO2,0
FC1(F)CCCCC(CNC(=O)C=C)C1,0
CC=1C=CC=C(NC(=O)C=C)C1C(=O)C=2C=CC=CC2,0
CC1(CNC(=O)C=C)COC=2C=CC=CC2O1,0
C=CC(=O)NC=1C=C2C=CC=CN2N1,0
COCC(CC1CCOCC1)NC(=O)C=C,0
ClC=1C=CC(CC(NC(=O)C=C)C=2C=CC=CN2)=CC1,0
CC(C)C(CNC(=O)C=C)C1=NN=C2C=CC(C)=NN12,0
CC1CCCCN1C(=O)C=2C=CC(CNC(=O)C=C)=CC2,0
C=CC(=O)NC1CCCCC1CC2=CC=CO2,0
CCN1CCN(C(=O)C=C)C(C)(C)C1=O,0
CC(NC(=O)C=C)C1OCCC=2SC=CC12,0
CC(C)C1=NN(C)C=C1NC(=O)C=C,0
C=CC(=O)NCC=1N=CC=C2CCCCC12,0
"C=CC(=O)N1CC[C@@H]2OCC[C@@H]2C1 |&1:7,11,r|",0
C=CC(=O)N1C[C@H]2CC=CC[C@H]2C1,0
CC1N(CCC=2C=CSC12)C(=O)C=C,0
CNC(=O)C1CCN(C1)C(=O)C=C,0
C=CC(=O)NCC1(CCC2CC1)C2,0
C=CC(=O)NCC1CC21CC2,0
CC1COCCN(C1)C(=O)C=C,0
CC(C)C1CCC(CC1)N(C)C(=O)C=C,0
C=CC(=O)NC1CCC2SCCSC12,0
CC=1C=CC=C(N1)C2CCCN2C(=O)C=C,0
C=CC(=O)NCC1=NC=2CCOCC2S1,0
CN(CC=1C(C)=NOC1C)C(=O)C=C,0
CC1(CCN1C(=O)C=C)C2CCCCC2,0
CCC1(CC)CN(CCS1)C(=O)C=C,0
CC=1C=NC=C(C1)C2CCCN2C(=O)C=C,0
CSCC1CCCN1C(=O)C=C,0
CC1CCSCCN1C(=O)C=C,0
CN1N=CC=C1C2CCCN2C(=O)C=C,0
CC1(C)CSCCN1C(=O)C=C,0
C[C@H]1CC[C@@](C)(CNC(=O)C=C)C1(C)C,0
BrC=1C=NC(=NC1)C2(CCC2)NC(=O)C=C,0
"FC(F)(F)[C@@H]1CC=CC[C@H]1NC(=O)C=C |&1:4,9,r|",0
CO[C@@H]1CN(C[C@@H]1OC)C(=O)C=C,0
CC=1C=C(C)N=C(N1)N2CCN(CC2)C(=O)C=C,0
FC=1C=CC=2CN(CCOC2C1)C(=O)C=C,0
CCC1=NSC(=N1)N2CCN(CC2)C(=O)C=C,0
CC(C)C1=NOC(CN2CCN(CC2)C(=O)C=C)=N1,0
FC=1C=CC=C2CN(CCC12)C(=O)C=C,0
CN(C(C=1C=CC(F)=CC1)C=2C=CC=NC2)C(=O)C=C,0
C=CC(=O)N1CCCC2(CCCOC2)C1,0
C=CC(=O)N1CCCC1C=2C=CN=CN2,0
CCC1N(CCC=2SC=CC12)C(=O)C=C,0
CN1C=C(C=N1)C2CCCCN2C(=O)C=C,0
CC=1C=CN(N1)C=2C=CC=CC2CNC(=O)C=C,0
CC(C)NS(=O)(=O)C1CCN(C1)C(=O)C=C,0
CC1(C)CN(C1C=2C=CN=CC2)C(=O)C=C,0
CN(C(=O)C1CCN(C1)C(=O)C=C)C=2C=CC=CC2,0
C=CC(=O)N1CCCC1C(=O)N2CCSCC2,0
FC1(F)CN(CC=2C=CC=CC21)C(=O)C=C,0
C=CC(=O)N1CCC=2N=CSC2C1,0
CC(N1CCN(CC1)C(=O)C=C)C2=NC=C(C)S2,0
C=CC(=O)N1CCC(CC1)C2=CC=CO2,0
C=CC(=O)N1CCC(CC1)C=2C=CC=NC2,0
C=CC(=O)N1CC2(C1)CCCO2,0
CC(NC(=O)C=C)C1=CC=NS1,0
C=CC(=O)N1CC2(CCCC2)C1C3=CC=CO3,0
CC(C)C1N(CC21CCOCC2)C(=O)C=C,0
ClC=1C=CC=C(C1)C2CCCN2C(=O)C=C,0
COC=1C=CC=C2CCN(CC12)C(=O)C=C,0
C=CC(=O)N1CC(C1)C=2C=CC=CC2,0
C=CC(=O)N1CCOC=2N=CC=CC2C1,0
C=CC(=O)N1CCN2C(CC=3C=CC=CC3)=NN=C2C1,0
C=CC(=O)N1CCOC2(CCCC2)C1,0
CC1=NC(CC2CCCN(C2)C(=O)C=C)=NO1,0
FC=1C=CC=C(C1)C2COCCN2C(=O)C=C,0
CC(NC(=O)C=C)C=1C=NN(C)C1,0
ClC=1C=CC=NC1C2CCN(CC2)C(=O)C=C,0
CC1CN(CC=2C=CC=CC2)CCN(C1)C(=O)C=C,0
COC=1C=CC=CC1C2CCCN2C(=O)C=C,0
C=CC(=O)N1CCN2C(CCC2=O)C1,0
CC=1C=CC=2OCCCN(C(=O)C=C)C2C1,0
C=CC(=O)N1CCN(CC=2C=CON2)CC1,0
FC(F)COC1CN(C1)C(=O)C=C,0
C=CC(=O)N1CC2(CCOCC2)C1C3=CC=CO3,0
CC=1C=C(NC(=O)C=C)N(N1)C2CC3CCC2C3,0
CC=1NC(=NC1C=2C=CC=CC2)C3CCCN3C(=O)C=C,0
CN1N=CC=C1C2CCCN(C2)C(=O)C=C,0
CN1C=C(C=N1)C2CN(CCO2)C(=O)C=C,0
CC(NC(=O)C=C)C1=NC(=NO1)C2CCCCC2,0
FC(F)OC=1C=CC=C(C1)C2CN(CCO2)C(=O)C=C,0
COCC1CN(CCO1)C(=O)C=C,0
CC1=CSC(=N1)C2CN(CCO2)C(=O)C=C,0
CC=1N=CC=2CN(CCC2N1)C(=O)C=C,0
CC=1C=CC=C(C1)C(=O)N2CCCN(CC2)C(=O)C=C,0
CCOC=1C=CC=2CN(CCC2C1)C(=O)C=C,0
CC(N1CCN(CC1)C(=O)C=C)C2=NC(C)=NO2,0
CC=1N=NSC1CNC(=O)C=C,0
CC1CN(CC2(CCC2)O1)C(=O)C=C,0
C=CC(=O)N1CCC2=C(C1)N=CN2C=3C=CC=CC3,0
CC1CN(CCN1C2=NC=3C=CC=CC3O2)C(=O)C=C,0
FC=1C=CC(=CC1F)C2CCCN(C2)C(=O)C=C,0
C=CC(=O)N1CCOC(CN2C=CC=N2)C1,0
CN(C1CCCCC1)S(=O)(=O)N2CCN(CC2)C(=O)C=C,0
FC=1C=C2CN(CC2=CC1F)C(=O)C=C,0
C=CC(=O)N1CC(COC=2C=CC=CC2)C1,0
FC(F)(F)C=1C=CC=2CCN(CC2C1)C(=O)C=C,0
C=CC(=O)NCC(=O)NC=1C=CC=2OCCOC2C1,0
NC(=O)C(N1CCN(CC1)C(=O)C=C)C=2C=CC=CC2,0
CC1CCCN1C(=O)C=C,0
C=CC(=O)N1CC(=O)NC2CCCCC21,0
FC(F)C=1C=CC=C(NC(=O)C=C)C1,0
C=CC(=O)NCC(=O)N1CCOCC1,0
CC1=CSC(=N1)C2(CCOCC2)NC(=O)C=C,0
CN1C=C(C=N1)N2CCCC(C2)NC(=O)C=C,0
CC=1C=NN(C1)C2CCN(CC2)C(=O)C=C,0
CN1N=C(C=C1C(=O)O)C2CCN(CC2)C(=O)C=C,0
C=CC(=O)NC=1C=CC=CC1CN2CCOCC2,0
OCC1(CC=2C=CC=CC2C1)NC(=O)C=C,0
CC=1C=CC=CC1N2N=CC=C2NC(=O)C=C,0
ClC=1C=C(CNC(=O)C=C)C=C2OCCOC12,0
C=CC(=O)NCC(=O)N1CCCO1,0
CC=1C=CC=CC1C2CCCN2C(=O)C=C,0
C=CC(=O)NCCC1CCOC1,0
C=CC(=O)NC1CCN(CC1)C=2C=CC=NN2,0
FC(F)(F)C=1C=CC=C2N(CCC21)C(=O)C=C,0
C=CC(=O)N1CCCC2(C1)CCCCC=3C=CC=CC32,0
C=CC(=O)N1CCN(CC1)C(=O)C=2C=NC=CN2,0
CC1=NN=NN1C=2C=C(NC(=O)C=C)C=CC2F,0
C=CC(=O)N1CCC2(CCN(CC=3C=CC=CC3)C2)CC1,0
CC(NC(=O)C=C)C1=NN=NN1C=2C=CC=CC2,0
COCCN1N=NC=2CN(CCC21)C(=O)C=C,0
FC(F)(F)C=1C=CC(=CC1)N2CCC(C2)NC(=O)C=C,0
C=CC(=O)N1CCCCC1,0
OC(=O)C1CC1C(=O)NCCNC(=O)C=C,0
CC(NC(=O)C=C)C1=CSC(=N1)C2CC2,0
CCCN1CCN(C(=O)C=C)C(C)(C)C1=O,0
CC(C)C=1N=C2CCC(CN2N1)NC(=O)C=C,0
CN(CC=1C(C)=NN(C)C1C)C(=O)C=C,0
CC1=CSC(=N1)C2CCN(C2)C(=O)C=C,0
CC(CNC(=O)C=C)C=1C=CC(=NC1)N(C)C,0
C=CC(=O)N1CC2(CCC2)C3COCC31,0
C=CC(=O)NCC1CCCC2(CCOC2)O1,0
CC1CC2(CC(C2)NC(=O)C=C)CO1,0
NC(=O)C1(CNC(=O)C=C)CCCC1,0
C=CC(=O)N1CCN(C2CC2)C(=O)C1,0
CC(C)(C)CC1CCN(C1)C(=O)C=C,0
CC1CN(C)C(=O)CN1C(=O)C=C,0
CC1CC1N2CC(CC2=O)NC(=O)C=C,0
C=CC(=O)NCCC1=NSC=2C=CC=CC12,0
C=CC(=O)NCC1CCC2(CCC2)CO1,0
C=CC(=O)N1CCCC(CC#N)C1,0
COCC1(CCOCC1)NC(=O)C=C,0
FC=1C=CC(F)=C(CC2CCN(CC2)C(=O)C=C)C1,0
FC(F)(F)C1CCN(CC21CCC2)C(=O)C=C,0
CCC=1N=CC=2CN(CCC2N1)C(=O)C=C,0
CC(C)CN1CCN(CC1=O)C(=O)C=C,0
CCC1N(CCN(CC)C1=O)C(=O)C=C,0
CC(=O)N1CC(C)(C1)NC(=O)C=C,0
CC=1C=CC=C(C1)C2CCCN2C(=O)C=C,0
CN1C=C(CC2CN(C2)C(=O)C=C)C=N1,0
C=CC(=O)NCCC1C[C@H]2C[C@@H]1C=C2,0
CC1CC(CO1)NC(=O)C=C,0
CC1(CNC(=O)C=C)CCOC2(CCC2)C1,0
C=CC(=O)N1CC(CC2=CC=CS2)C1,0
CN(CC(=O)N1CCCC1)C(=O)C=C,0
CN(C1CCN(CC1)C=2C=NC=CN2)C(=O)C=C,0
CN(CC1=CCSC1)C(=O)C=C,0
C[C@]12COC[C@]2(C)CN(C1)C(=O)C=C,0
CC1=CN=C(S1)C2CCN(CC2)C(=O)C=C,0
COCCO[C@@]12CCC[C@]2(CCO1)NC(=O)C=C,0
CC1CCCN(C1)C=2C=CC=CC2NC(=O)C=C,0
CC1(CCCN1C(=O)C=C)C=2C=CC=CC2,0
COC=1C=CC(NC(=O)C2(CCCC2)NC(=O)C=C)=CC1OC,0
CN(C1CC=2C=CC=CC2C1)C(=O)C=C,0
CC=1N=C(C)N(N1)C2CCCN(C2)C(=O)C=C,0
CN(CC1=NC=2CCCCC2S1)C(=O)C=C,0
CC=1C=CC=C2N=C(OC12)C3CCN(CC3)C(=O)C=C,0
COC=1C=CC=2NC=C(C3=CCN(CC3)C(=O)C=C)C2C1,0
C=CC(=O)NCC1COC=2C=CC=CC2O1,0
CCCC(NC(=O)C=C)C(=O)N(C)CC=1C=CC=C(F)C1,0
CC=1C=CC=CC1C(=O)C(C)(C)NC(=O)C=C,0
CC(C)CN1C=C(Cl)C(NC(=O)C=C)=N1,0
C=CC(=O)NC=1C=CC=C(C1)N2CCCS2(=O)=O,0
CC1=NN(C(C)=C1NC(=O)C=C)C=2C=CC=CC2C,0
CNS(=O)(=O)C1CCN(C1)C(=O)C=C,0
ClC=1C=CC=2C=C3CN(CCN3C2C1)C(=O)C=C,0
C=CC(=O)NC1CCN(CC=2C=CC=CC2)C1,0
C=CC(=O)NC=1C=NC(=NC1)C2CC2,0
OC1(CNC(=O)C=C)CCCC(C1)C(F)(F)F,0
C=CC(=O)N1CCC2(CC1)CCS(=O)(=O)CC2,0
C=CC(=O)NC=1C=NN2C=CC=CC12,0
CC(=O)N1CCC=2C1=CC=CC2NC(=O)C=C,0
CN(C)S(=O)(=O)NC(CNC(=O)C=C)C1CCCC1,0
C=CC(=O)N1CCC(CC1)N2C=CC=N2,0
CN1C=C(C=N1)C(C)(O)CNC(=O)C=C,0
C=CC(=O)N1CCC(CC1)C2=NOC(=N2)C3CC3,0
OC1(CCN(CC1)C(=O)C=C)C=2C=CC=CC2,0
CC=1C=C(NC(=O)C=C)C=CC1C=2C=CC=NC2,0
CCN(CCCNC(=O)C=C)C=1C=CC=CC1,0
CN(CC=1C=CC=CC1NC(=O)C=C)C2CCCCC2,0
FC=1C=CC=CC1CSCCNC(=O)C=C,0
COC=1C=CC=C(COCCNC(=O)C=C)C1,0
COC(C)(CNC(=O)C=C)COCC=1C=CC=CC1,0
CC=1C=CC(=C(C)C1)C2(CNC(=O)C=C)CC2,0
CC=1C=C(C=CC1F)C(NC(=O)C=C)C2CC2,0
CC(C)N1N=CC=2C=C(NC(=O)C=C)C=CC12,0
FC=1C=CC(O[C@H]2CCN(C2)C(=O)C=C)=CC1,0
ClC=1OC=2C=CC=CC2C1CNC(=O)C=C,0
C=CC(=O)NCC=1C=CC(=CC1)C=2C=CN=CC2,0
C=CC(=O)N(CC1CCCCC1)C2CC2,0
NC(=O)C=1C=CC=C2N(CCCC12)C(=O)C=C,0
CC=1OC=2C=CC(NC(=O)C=C)=CC2C1C,0
C=CC(=O)N1CCCC1C=2C=CSC2,0
NC(=O)C1(CCN(C1)C(=O)C=C)C=2C=CC=CC2,0
CC=1C=C(N=C(C)N1)N2CCC(CC2)NC(=O)C=C,0
FC(F)C1=NC=2C=CC(NC(=O)C=C)=CC2S1,0
FC=1C=CC=C(CC2(CCC2)NC(=O)C=C)C1,0
C=CC(=O)N1CCCC2(CCC=3C=CC=CC3O2)C1,0
CC(C)N1C=C(NC(=O)C=C)C(OCCC(F)(F)F)=N1,0
C=CC(=O)NCC=1C=CC=2C=COC2C1,0
C=CC(=O)N1CCCSCC1,0
FC(F)(F)C=1C=CC=2N(CC(=O)NC2C1)C(=O)C=C,0
CNS(=O)(=O)C1CCCN(C1)C(=O)C=C,0
C=CC(=O)N1CCN(CC2=CN3C=CC=CC3=N2)CC1,0
CN(C)C(=O)CCN1CCN(CC1)C(=O)C=C,0
C=CC(=O)NCC=1C=CC(=CC1)C(=O)N2CCOCC2,0
FC=1C=CC=2C(=NOC2C1)C3CCN(CC3)C(=O)C=C,0
FC=1C=CC(=CC1F)N2CCCN(CC2)C(=O)C=C,0
C=CC(=O)NC=1C=CC=C(CNC(=O)C=2C=CC=CC2)C1,0
C=CC(=O)NCC1CCN(CC1)C2CCOCC2,0
COCC1CCN(C1)C(=O)C=C,0
FC=1C=CC(=CC1)N2CC(NC(=O)C=C)C2=O,0
NC12CCC2CN(C1)C(=O)C=C.OC(=O)C(F)(F)F,0
COC=1C=CC(NC(=O)C=C)=CC1,0
CN1CCN(CC1)C(=O)C=C,0
CN(C)C=1C=CC(NC(=O)C=C)=CC1,0
COC=1C=CC=C(NC(=O)C=C)C1,0
OCCN(C(=O)C=C)C=1C=CC(=CC1)C(=O)O,0
C=CC(=O)NC=1N=CC=CN1,0
C=CC(=O)NC=1C=CC=CC1,0
C=CC(=O)N1CCOC=2C=CC=CC12,0
C=CC(=O)NCCCN1C=CN=C1,0
OC(=O)C1CCCN(C1)C(=O)C=C,0
C=CC(=O)NCCC=1C=CC=CN1,0
COC=1C=CC(NC(=O)C=C)=C(C1)[N+](=O)[O-],0
FC(F)(F)C=1C=CC=C(CNC(=O)C=C)C1,0
C=CC(=O)NC1CCCC1,0
ClC=1C=CC(NC(=O)C=C)=CC1,0
CC(=O)NC=1C=CC=C(NC(=O)C=C)N1,0
C=CC(=O)NC=1C=CC(=CC1)S(=O)(=O)N2CCCC2,0
C=CC(=O)N1CCCC=2C=CC=CC12,0
C=CC(=O)NCCC=1C=NC(=NC1)C2CC2,0
CC1(C)CC(CNC(=O)C=C)C(C)(C)O1,0
C=CC(=O)N1CCN(CC1)C2=NC=CS2,0
C=CC(=O)N1CCNC(=O)C=2C=CC=CC12,0
C=CC(=O)NCC=1C=CC=2COCC2C1,0
FC=1C=CC(=CC1)N2C=CC(CNC(=O)C=C)=N2,0
CN1C=C2C=CC(CNC(=O)C=C)=CC2=N1,0
CN1CCN(C(=O)C=C)C=2C=CC=NC12,0
C=CC(=O)NCC=1C=CC(=NC1)N2CCCC2,0
CN1C=CN=C1C(NC(=O)C=C)C=2C=CC(F)=C(F)C2,0
COC=1C=CC(F)=CC1CCNC(=O)C=C,0
CN(C(=O)C=C)C=1C=CC(NC(=O)C)=CC1,0
"C=CC(=O)N1CC[C@@H]2CS(=O)(=O)C[C@@H]21 |&1:7,13,r|",0
C=CC(=O)NC=1C=NC(OC=2C=CC=CC2)=NC1,0
CC1CC=2C=C(CNC(=O)C=C)C=CC2O1,0
CN(C)C(=O)C=1C=CC(NC(=O)C=C)=CN1,0
CC=1C=CC(C)=C(C1)N(C2CCOCC2)C(=O)C=C,0
FC1(F)C(CNC(=O)C=C)C21CCCC2,0
CC(NC(=O)C=C)C=1C(F)=CC=CC1F,0
C=CC(=O)N1CCC(C1)N2C(=O)OC=3C=CC=CC23,0
OCCC(NC(=O)C=C)C=1C=CC=CC1F,0
CC(=O)C=1C(C)=CC(NC(=O)C=C)=CC1C,0
FC=1C=CC=C(C1)C2(CNC(=O)C=C)CCC2,0
FC(F)C=1C=CC=C(CNC(=O)C=C)C1,0
C=CC(=O)NC=1C=NC(=NC1)N2CCOCC2,0
C=CC(=O)NC1CCCC=2C=CC=CC2C1,0
FC=1C=CC=2N=CC(NC(=O)C=C)=CC2C1,0
FC=1C=CC(=CC1)C(F)(F)CNC(=O)C=C,0
COC1(CCCCC1)C(F)(F)CNC(=O)C=C,0
C=CC(=O)NCC=1C=CC=CC1C2CCC2,0
CC=1C=CC=2C=C(NC(=O)C=C)C=NC2C1,0
CN1CCCC=2C=CC(NC(=O)C=C)=CC12,0
CS(=O)(=O)CC1(COC1)NC(=O)C=C,0
FC(F)CN1N=CC=C1CNC(=O)C=C,0
CCC(NC(=O)C=C)C(=O)C=1C=CC=CC1,0
CN(C)C=1C=CC(CCNC(=O)C=C)=CN1,0
CNC(=O)CC=1C=CC=C(NC(=O)C=C)C1,0
CCC(C)N1CCC(CC1)NC(=O)C=C,0
FC1(F)OC=2C=CC=C(CCNC(=O)C=C)C2O1,0
FC(F)C=1C=C(NC(=O)C=C)C=CC1F,0
C=CC(=O)NC=1C=CN(N1)C2CCOCC2,0
CC(C)(NC(=O)C=C)C=1C=C(ON1)C(F)(F)F,0
OC(=O)C1CCCCN1C(=O)C=C,0
C=C1CN(C1=O)C=2C=CC=CC2,0
CC=1C=C(C)N=C(NC(=O)C=C)N1,0
FC(F)(F)C=1C=CC=CC1NC(=O)C=C,0
CN(C1CCCN(C1)C=2C=CC=NN2)C(=O)C=C,0
C=CC(=O)N[C@H]1CCO[C@@H]1C2=NC=CN2C=3C=CC=CC3,0
CC1=NC(CNC(=O)C=C)=C2CCCCN12,0
CC1=CC=C(O1)C2CS(=O)(=O)CCN2C(=O)C=C,0
C=CC(=O)NCC1CCC1,0
COC=1C=CC=CC1CC2CCCN(C2)C(=O)C=C,0
C=CC(=O)N1CCCC2(CCSC2)C1,0
COC=1C=CC(CN([C@H](CO)C(C)C)C(=O)C=C)=CC1,0
C=CC(=O)N1CCC2(CC1)CCC=3C=CC=CC3C2,0
CN1CCN(CC=2C=CC=CC12)C(=O)C=C,0
CCC1=NOC(CC2CCN(CC2)C(=O)C=C)=N1,0
CC=1C=CN=C(OC2CCN(CC2)C(=O)C=C)C1,0
CC=1C=C(N=C(C)N1)N2CCN(CC2)C(=O)C=C,0
C=CC(=O)N1CCCC(C1)C=2C=CC=NC2,0
C=CC(=O)N1CCC(CN2CCOCC2)C1,0
C=CC(=O)N1CCC(CN2C=NN=C2)CC1,0
CCN1C=C(C=N1)C2CCN(CC2)C(=O)C=C,0
C=CC(=O)N1CCC(CC1)C=2C=CC=C3C=NC=CC23,0
C=CC(=O)NC=1C=CC=2C(=O)NC=CC2C1,0
ClC=1C=CC(CN2CCN(CC2=O)C(=O)C=C)=CC1,0
C=CC(=O)NC=1C=CC=C(C1)N2CCS(=O)(=O)CC2,0
CC1=NN=NN1CCNC(=O)C=C,0
C=CC(=O)NCCNC(=O)C=1C=COC1,0
C=CC(=O)N1CCC2(CNC(=O)C2)C1,0
C=CC(=O)NCC1=NC=2C=CC=CC2S1,0
Cl.NCC1CCN(CC1)C(=O)C=C,0
NC1CN(C1)C(=O)C=C.OS(=O)(=O)C(F)(F)F,0
CCCC(=O)C=1C=CC=C(NC(=O)C=C)C1,0
CC(C)(C)C=1C=NC=C(CNC(=O)C=C)C1,0
FC=1C=CC(NC(=O)CNC(=O)C=C)=CC1,0
CN(C)C(=O)C1COCCN1C(=O)C=C,0
OCC1CC2(CCCC2)CN1C(=O)C=C,0
"C[C@@H]1[C@H](CNC(=O)C=C)OC=2C=CC=CC12 |&1:1,2,r|",0
"CCO[C@@H]1CCCCC[C@H]1NC(=O)C=C |&1:3,9,r|",0
CN1C=NC=2C=C(CNC(=O)C=C)C=CC12,0
CC(C)(C)OC=1C=CC=C(NC(=O)C=C)C1,0
COC(CNC(=O)C=C)C1CCCCC1,0
FC(F)(F)C1=CC=C(CNC(=O)C=C)O1,0
CC1(C)CCC(O)C(CNC(=O)C=C)C1,0
CC=1C=CC(=NC1)C(C)(C)CNC(=O)C=C,0
CC1(C)CCC(CCNC(=O)C=C)OC1,0
COC=1C=CC(=CC1)N(CC#N)C(=O)C=C,0
C=CC(=O)NC=1C=CC=2OC=CC(=O)C2C1,0
CC(C)(C)C1(C)CN(CCO1)C(=O)C=C,0
C=CC(=O)N1CCCCC1C2CCCO2,0
CCC(C)N1CCC(CNC(=O)C=C)C1,0
CC(C)(C)OC[C@@H]1CCCN1C(=O)C=C,0
CN1CCN=C1C2CN(C2)C(=O)C=C,0
C[C@H]1CN(CCNC(=O)C=C)C[C@@H](C)O1,0
CN1CC=2C=CC=CC2C1CNC(=O)C=C,0
CC(C)(NC(=O)C=C)C(O)C=1C=CC=CC1,0
CCCCC=1C=CC(NC(=O)C=C)=C(C)N1,0
CCC=1C=C(OC)C(NC(=O)C=C)=CC1C,0
CC=1C=CC=CC1C2(CC2)NC(=O)C=C,0
CN(C)C(=O)NCCC=1C=CC(NC(=O)C=C)=CC1,0
CC1CCC(CS1(=O)=O)NC(=O)C=C,0
C=CC(=O)NCCC1CC=CC1,0
C=CC(=O)NC=1C=CC=C(C1)N2CCCC2,0
C=CC(=O)NC=1C=NC=2C=CC=CC2C1,0
C=CC(=O)N1CCCC1CC=2C=CC=CC2,0
C=CC(=O)N1CCSCC1C#N,0
C=CC(=O)N1CCOCC1C#N,0
CSC1(CNC(=O)C=C)CCCCC1,0
C=CC(=O)N1CCN(CC#C)C(=O)C1,0
COC(CNC(=O)C=C)C1CCCOC1,0
CC(NC(=O)C=C)C(O)C=1C=CC(C)=CC1,0
COC=1C=CC=CC1CCNC(=O)C=C,0
C=CC(=O)NCCCOC1CCCCO1,0
CC1(C)CCC(C)(CNC(=O)C=C)CC1,0
C=CC(=O)NCCCOC1CCCCC1,0
CC=1C=CC=CC1C(NC(=O)C=C)C=2C=CC=CC2C,0
CC(COC=1C=CC=CC1C)NC(=O)C=C,0
CC1(C)[C@@H]2C[C@H]1C(=CC2)CCNC(=O)C=C,0
"O[C@@H]1CN(CC[C@H]1F)C(=O)C=C |&1:1,6,r|",0
CC=1C=C(C)C(CNC(=O)C=C)=C(C)C1,0
COC[C@@H]1C[C@@H](O)CN1C(=O)C=C,0
C=CC(=O)NCC1=NC=2CCCCC2N1,0
C=CC(=O)N1CCC=2C(C#N)=CC=CC2C1,0
"O[C@@H]1CCN(C[C@@H]1O)C(=O)C=C |&1:1,6,r|",0
"OC[C@@H]1CN(C[C@H]1C2CC2)C(=O)C=C |&1:2,6,r|",0
C1(C2=CC(C)=CC=C2NC(=O)CC)=NN=C(SCC2=CC(Br)=CC=C2)NC1=O,0
N1=C(C)ON=C1C1=CC=C(C(N2CCC(C(NC3=CC4=C(OCCO4)C=C3)=O)CC2)=O)C=C1,0
C1(C2=CC=CC=C2NC(=O)CC)=NN=C(SCC2=CC(Br)=CC=C2)NC1=O,0
N1=C(C2CC2)ON=C1C1=CC(NC(=O)CC2=CC=C(NC(=O)C)C=C2)=CC=C1,0
C1(NC(=O)CCC)=NC2=CC=C(CCC(NC3=C(OC)C=CC=C3)=O)C=C2S1,0
N1(C2=NC(C)=C(CC)C(=O)N2)C(NC(C(OC2=CC=C(Cl)C=C2)(C)C)=O)=CC(C)=N1,0
C1(NC(=O)CCC)=NC2=CC=C(CCC(NCC3=C(F)C=CC=C3)=O)C=C2S1,0
N1(C2=NC(C)=C(CC)C(=O)N2)C(NC(=O)COC2=CC=C(OCC)C=C2)=CC(C)=N1,0
C1(NC(=O)C(C)C)=NC2=CC=C(CCC(NCC3=CC=C(F)C=C3)=O)C=C2S1,0
N1(C2=NC(C)=C(CC)C(=O)N2)C(NC(=O)COC2=CC=C(F)C=C2)=CC(C)=N1,0
C1(NC(=O)C(C)C)=NC2=CC=C(CCC(NCC3=C(F)C=CC=C3)=O)C=C2S1,0
N1(C2=NC(C)=C(CC)C(=O)N2)C(NC(C2=CC=C(S(N(CC)CC)(=O)=O)C=C2)=O)=CC(C)=N1,0
C1(NC(=O)CC)=NC2=CC=C(CCC(NCC3=CC=C(C)C=C3)=O)C=C2S1,0
N1(C2=NC(C)=C(CC)C(=O)N2)C(NC(C=CC2=CC=C([N+]([O-])=O)C=C2)=O)=CC(C)=N1,0
C1(NC(=O)CC)=NC2=CC=C(CCC(=O)NCCCC3=CC=CC=C3)C=C2S1,0
C12=NOC(C)=C1C(C)=NN(CC(=O)NCCCN1CCC(CC3=CC=CC=C3)CC1)C2=O,0
C1(NC(=O)CC)=NC2=CC=C(CCC(NCC3=CC=C(F)C=C3)=O)C=C2S1,0
C12=NOC(C)=C1C(C)=NN(CC1=C(C)OC(C3=CC=C(OC)C=C3)=N1)C2=O,0
C1(NC(=O)C)=NC2=CC=C(CC(=O)NCCCN(CC)CC)C=C2S1,0
C12=NOC(C)=C1C(C)=NN(CC1=C(C)OC(C3=CC=CC(Cl)=C3)=N1)C2=O,0
C1(C(OCC2=CC=CC=C2)=O)=C(C)N(C2=CC(SC)=CC=C2)N=N1,0
N1=C(C2CCCC2)ON=C1C1=CC=CC(NC(C2CN(C3=CC=C(OC)C=C3)C(=O)C2)=O)=C1,0
S(C1=CC(C2=NNC(=O)C=C2)=CC=C1OC)(N1CC2=CC=CC=C2CC1)(=O)=O,0
C1(S(NCC2=CC3=C(OCO3)C=C2)(=O)=O)=C(C)SC(C)=C1C1=CC=NO1,0
C1(SCC2=CC=C(Cl)C=C2)=NC2=CC=NC=C2N1CC1=CC=C(C(=O)NCCC2=CNC=N2)C=C1,0
C1(S(NCC2=CC3=C(OCO3)C=C2)(=O)=O)=C(C)SC(C)=C1C1=CC(C)=NO1,0
C1(N2CCCCC2)=NC2=CC=C(NC(NC3=CC(F)=C(C)C=C3)=O)C=C2C(C)=C1,0
C1(C2=C(C)C(C)=NO2)=C(C)SC(C)=C1S(NC1=CC2=C(OCO2)C=C1)(=O)=O,0
C1(N2CCOCC2)=NC2=CC=C(NC(=O)NC)C=C2C(C)=C1,0
N1(CC(NCC2=CC=C(F)C=C2)=O)C(=O)C(C)(C)C2=CC=CC=C12,0
C1(NC(C2=CC=CC(C)=C2)=O)=NN=C(CC2=NC3=CC=CC=C3N2)S1,0
N1(CC(NCC2=CC=CC=C2)=O)C(=O)C(C)(C)C2=CC=CC=C12,0
C1(NC(=O)CC(C)C)=NN=C(CC2=NC3=CC=CC=C3N2)S1,0
S(C1=CC2=C(N(C(CCC(N3CCCC3)=O)=O)CC2)C=C1)(=O)(=O)NCCN1CCOCC1,0
C(N1CCC(CC2CCC(C)CC2)CC1)(NC1=CC=C(OC)C(OC)=C1)=O,0
S(C1=CC2=C(N(C(CCC(N3CCCCC3)=O)=O)CC2)C=C1)(=O)(=O)NCCN1CCOCC1,0
C1(NC(=O)C)=NC2=CC=C(CC(=O)NCCCN3C(C)CCCC3)C=C2S1,0
C12=NOC(C)=C1C(C)=NN(CC1=C(C)OC(C3=CC(Br)=CC=C3)=N1)C2=O,0
C1(NC(=O)C)=NC2=CC=C(CC(=O)NCCN3CCCCCC3)C=C2S1,0
C12=NOC(C)=C1C(C)=NN(CC1=C(C)OC(C3=CC(Br)=CC=C3OC)=N1)C2=O,0
C1(NC(=O)C)=NC2=CC=C(CC(=O)NCCN3C(C)CCCC3)C=C2S1,0
C1(C(=O)NCCCOCC)=C2C(=NC(C)=C1)C=CC(C)=C2,0
FC1(F)C2CC3CC1CC(C3)(C2)NC(=O)C=C,1
C=CC(=O)NC=1C=CC=C(C1)C(=O)N2CCC=3C=CC=CC23,1
CC(C)N1N=C(C)C(NC(=O)C=C)=C1C,1
CC1=NC(=NO1)C2CC3CCC(C2)N3C(=O)C=C,1
C=CC(=O)NC=1C=CC=C(C1)N2CCOCC2=O,1
C=CC(=O)NCC=1C=CC=C(C1)C2=CN=CO2,1
C=CC(=O)N1CCC(CC1)N2C=CC=C2,1
OC(=O)C=1C=C(F)C(CNC(=O)C=C)=CC1F,1
CN(C)S(=O)(=O)[C@@H]1CN(C[C@H]1C(F)(F)F)C(=O)C=C,1
C=CC(=O)NCC1=NC(=CN1)C=2C=CC=C(C#N)C2,1
C=CC(=O)N1CCC(CC1)N2C(=O)NC=3C=CC=CC23,1
CC(=O)N1CCC(NC(=O)C=C)C=2C=CC(F)=CC2C1,1
CN(CC=1C=CN=C2C=CC=CC12)C(=O)C=C,1
CC=1C=CC=C2C(CCCOC12)N(C3CC3)C(=O)C=C,1
FC=1C=CC=CC1OC2CCN(C2)C(=O)C=C,1
C=CC(=O)N1CCCC(CC1)OC2CCC2,1
CC(C)[C@H](NC(=O)C=C)C(=O)N1CCCC1,1
CN(CC(=O)NC1=CC=2CCCCC2NC1=O)C(=O)C=C,1
CC(O)(CNC(=O)C=C)C=1C=CC=C(F)C1,1
CN(CC(=O)N[C@H]1CCC=2C=C(Cl)C=CC12)C(=O)C=C,1
C=CC(=O)N1CCCN2N=CC=C12,1
FC(F)(F)C=1C=CN=C(N1)N2CCN(CC2)C(=O)C=C,1
CN1N=CC(C2CC2)=C1CNC(=O)C=C,1
C=CC(=O)NCC=1C=CC=2C=CC=CC2N1,1
ClC=1C=C2CCOC2=C(CNC(=O)C=C)C1,1
C[C@H]1CN(CCN1S(=O)(=O)C)C(=O)C=C,1
C=CC(=O)N1CCCC(C1)C(=O)NC2=NC=CS2,1
ClC=1C=CC=C2N(CCC21)C(=O)C=C,1
COCCN1CCCN(CC1=O)C(=O)C=C,1
CC1=NC=C(CN2CCN(CC2)C(=O)C=C)S1,1
CC1N(CCN2C=CC=C12)C(=O)C=C,1
COC=1C=C2CN(CCC2=NN1)C(=O)C=C,1
C=CC(=O)NC1C2CCOC2C31CCC3,1
COC=1C(C)=CN=C(CN(C)C(=O)C=C)C1C,1
CN(CC=1C=CC=CN1)C(=O)C=C,1
CC1(C)CC(CNC(=O)C=C)C1,1
C=CC(=O)N1CCC(C1)N2C=CN=N2,1
C=CC(=O)N1CCC(CC1)C=2C=CC=CC2,1
COCC1CCN(CC1)C(=O)C=C,1
C=CC(=O)N1CCN(CC2CCOC2)CC1,1
COC=1C=CC(F)=CC1CN2CCN(CC2)C(=O)C=C,1
ClC=1C=CC(CN2CCN(CC2)C(=O)C=C)=CC1,1
CC1N(CCNC1=O)C(=O)C=C,1
COC=1C=CC=CC1CC2CCN(CC2)C(=O)C=C,1
CC1=CSC(=N1)C2(CCC2)NC(=O)C=C,1
CC1=CN=C(S1)C2CCCN(C2)C(=O)C=C,1
"C=CC(=O)N1CCC[C@@H]2COC[C@@H]21 |&1:8,12,r|",1
CC(NC(=O)C=C)C1CCC(F)CC1,1
CC(=O)N1CCC(NC(=O)C=C)C=2C=CC=CC12,1
C=CC(=O)NC=1C=CC=2CS(=O)(=O)CC2C1,1
C=CC(=O)NCC=1C=CC=C(C1)N2CCCC2=O,1
CC=1N=C2CN(CCN2N1)C(=O)C=C,1
C=CC(=O)N1CCCCCC1C=2N=CON2,1
CCC1(C)CN(CCO1)C(=O)C=C,1
CC1CCOCCN1C(=O)C=C,1
COC=1C=CC=C2C(CCOC12)NC(=O)C=C,1
CCOC1(C)CCN(CC1)C(=O)C=C,1
C=CC(=O)NCCCC(=O)N1CCOC=2C=CC=CC12,1
CNC(=O)CC1CCN(CC1)C(=O)C=C,1
CC=1C=CC=C(CC2CN(C2)C(=O)C=C)C1,1
CC1CC(NC(=O)C=C)C(C)O1,1
C=CC(=O)NC1CCCCCCC1,1
CC1CC(CC(C)O1)NC(=O)C=C,1
C=CC(=O)N1CCN(CC1)C(=O)CCOC=2C=CC=CC2,1
CN(C)C=1N=CC=C(N1)C2CN(CCO2)C(=O)C=C,1
CON1CCC(CC1)N(C)C(=O)C=C,1
OC(=O)C1=CN(N=N1)C2CCN(C2)C(=O)C=C,1
COCC1=CCN(CC1)C(=O)C=C,1
OC(=O)C1=CSC(=N1)C2CCN(CC2)C(=O)C=C,1
COC1CN(CCC1C)C(=O)C=C,1
CO[C@@H]1COC[C@H]1N2C=C(CNC(=O)C=C)N=N2,1
CC=1C=CN=C(C1)C(NC(=O)C=C)C2CCOCC2,1
FC(F)(F)C1=CN=C(N1)C2CCCN(C2)C(=O)C=C,1
C=CC(=O)N1CC(C1)OC2=NC=CS2,1
FC=1C=CC=C(C1)C2CN(CCO2)C(=O)C=C,1
C=CC(=O)N1CCC2(C1)CCN(CC2)C(=O)C=C,1
C=CC(=O)NCC=1C=CC=C(C1)N2CCCS2(=O)=O,1
"C[C@@H]1CN(C[C@H]1C(=O)N2CCOCC2)C(=O)C=C |&1:1,5,r|",1
C=CC(=O)N1CCC1CC=2C=CC=CC2,1
FC=1C=CC=C(CN2CCN(CC2)C(=O)C=C)C1,1
FC(F)(F)C1=CNC(=N1)C2CCN(CC2)C(=O)C=C,1
C=CC(=O)N1CCN(CC1)C=2C=CC=CC2,1
C=CC(=O)N1CCC(CN2CCC=3C=CC=CC23)CC1,1
CC1=NOC(C)=C1CNC(=O)C=C,1
CN1CCN(C(=O)C=C)C=2C=CC(Cl)=CC12,1
C=CC(=O)N1CCC(C1)C2CCOCC2,1
C=CC(=O)N1CCCC2(CCOC2)C1,1
FC(F)(F)C1CCN(CC21CCOCC2)C(=O)C=C,1
CC1(CCN(CC1)C(=O)C=C)N2CCOCC2,1
COC=1C=CC(=CC1)C2CCN(C2)C(=O)C=C,1
CCOC=1C=CC=CC1N2CCN(CC2)C(=O)C=C,1
C=CC(=O)N1CCOC(C1)C=2C=CC=CC2,1
C=CC(=O)NCC1CCC(O1)C=2C=CC=CC2,1
C=CC(=O)N1CCOCC=2C=CC=CC12,1
C=CC(=O)N1CCC(CC=2C=CC=CN2)CC1,1
CC1=CN=C(CNC(=O)C=C)O1,1
CC(C)(C)C1=CSC(=N1)C2CN(CCO2)C(=O)C=C,1
CC(N1CCN(CC1)C(=O)C=C)C2=NC=CS2,1
C[C@H]1CN(CC2=CC=CN12)C(=O)C=C,1
C=CC(=O)N1CCC2(CCOCC2)CC1,1
CN1CCN(C(C1)C=2C=CC=CC2)C(=O)C=C,1
C=CC(=O)N1CCC[C@H]1CN2C=C(N=N2)C3CC3,1
COCCC(=O)N1CCN(CC1)C(=O)C=C,1
CC(N1CCN(CC1)C(=O)C=C)C=2C=CC=CC2Cl,1
CC1=CC(C=C2CCN(CC2)C(=O)C=C)=NO1,1
C=CC(=O)N1CC2(C1)CCCOC2,1
CCN1CC(CNC(=O)C=C)CC1=O,1
CC=1C=CC=C(C1)C2N(CCNC2=O)C(=O)C=C,1
CS(=O)(=O)NC=1C=CC=C(CNC(=O)C=C)C1,1
C=CC(=O)NCC=1C=CN=C(C1)N2CCCC2,1
FC(F)(F)C1=NN=C2CN(CCN12)C(=O)C=C,1
CC=1NC=2C=CC=CC2C1SCCNC(=O)C=C,1
C=CC(=O)N1CCOC2(CCOC2)C1,1
COC=1C=CC=C(F)C1C2CCCN2C(=O)C=C,1
C=CC(=O)N1CCC(CC1)NC(=O)C=2C=CC=CC2,1
C=CC(=O)N1CCCC2(C1)OCC=3C=CC=CC32,1
FC=1C=CC=C(Cl)C1C2CN(CCO2)C(=O)C=C,1
FC=1C=CC=2CN(CCC2C1)C(=O)C=C,1
COC=1C=CC(=CC1OC)C2CCN(C2)C(=O)C=C,1
C=CC(=O)NC=1C=NN(CCN2CCCC2=O)C1,1
C=CC(=O)N1CCC2(CC1)CCC=3C=CC=CC3O2,1
CCC1=CSC(=N1)C2CCCN(C2)C(=O)C=C,1
C=CC(=O)N1CCC=2C=CC=CC2CC1,1
C=CC(=O)N1CCCN2N=CC(C3CC3)=C12,1
C=CC(=O)N1CCOC(CN2C=NC=N2)C1,1
C=CC(=O)N1CCCOC(C1)C=2C=CC=CC2,1
CN1CCN(C(CC=2C=CC=CC2)C1=O)C(=O)C=C,1
COC=1N=CC=CC1C2CCN(C2)C(=O)C=C,1
CC1(C)CN(CCN1S(=O)(=O)C)C(=O)C=C,1
C=CC(=O)N1CCCN(CC1)C=2C=CC=CC2,1
OCC(CNC(=O)C=C)C=1C=CC=C(F)C1,1
CC1(C)CN(CC2(CCCC2)O1)C(=O)C=C,1
OC(=O)C1=COC(=N1)C2CCN(CC2)C(=O)C=C,1
FC=1C=CC=2OCCN(CC2C1)C(=O)C=C,1
CCC(=O)N1CCN(C1)C(=O)C=C,1
CC(C)N(C)C(=O)C=1C=CC=CC1NC(=O)C=C,1
"OC(=O)[C@@H]1C[C@H]1C2CCN(CC2)C(=O)C=C |&1:3,5,r|",1
C=CC(=O)N1CCC(CC1)C2CCCO2,1
CC1(C)CN(CC2(CCOC2)O1)C(=O)C=C,1
C=CC(=O)N1CCOC2(CCCCC2)C1,1
CCN(C(=O)C=C)C=1C=NN(C)C1,1
C=CC(=O)N1CCC(CC1)N2CCCC2=O,1
CN(C1CCCC=2C=CC=NC12)C(=O)C=C,1
C=CC(=O)N1CCC(C1)C2CCC2,1
COC=1C=CC=C2CN(CCC12)C(=O)C=C,1
FC(F)(F)C1CCC(CNC(=O)C=C)O1,1
C=CC(=O)N1CC=2C=CC=CC2C3(CC3)C1,1
C=CC(=O)NCC=1C=NN2C=CC=CC12,1
C=CC(=O)N1CCC(CC1)C2=NC=CS2,1
CC(C)C1(C)CCN(CC1)C(=O)C=C,1
C=CC(=O)NC1CCCC2=C1C=NN2CC=3C=CC=CC3,1
CC(C)N1N=CC=2CCC(CC21)NC(=O)C=C,1
CC=1C=NN(C1)C2CCN(CC2)C(=O)C=C,1
C=CC(=O)N1CC(C1)N2C=CN=N2,1
FC(F)(F)CC1CN(CCO1)C(=O)C=C,1
CC(=O)NC1CN(C1)C(=O)C=C,1
ClC=1C=CC(CN2CCN(CC2)C(=O)C=C)=NC1,1
CC1C(CC(=O)N1CC=2C=CC=CC2)NC(=O)C=C,1
CC=1C=C(C=CC1NC(=O)C=C)N2CCCC2,1
FC=1C=CC(F)=C(C1)C(NC(=O)C=C)C=2C=CN=CC2,1
COC=1C=CC(=CC1)C2CCCN2C(=O)C=C,1
FC(F)(F)CN1CCN(CC1=O)C(=O)C=C,1
C=CC(=O)N1CCC(C1)S(=O)(=O)C=2C=CC=CC2,1
C=CC(=O)N1CCCC1C2=NN=C3CCCCCN23,1
ClC=1C=CC=C(C1)C2CCCN2C(=O)C=C,1
CC(C)C1=NC(=NO1)C2COCCN2C(=O)C=C,1
ClC=1C=CC=CC1CC2CN(C2)C(=O)C=C,1
CCCN1CCN(C(=O)C=C)C(C)(C)C1=O,1
CCSC1CCCCN(C1)C(=O)C=C,1
CN(C1CCN(C1)S(=O)(=O)C)C(=O)C=C,1
CC(C)(C)OC=1C=CC(CNC(=O)C=C)=CC1,1
CN1N=CC(CCCNC(=O)C=C)=N1,1
C=CC(=O)NCCC=1C=CC=2CCOCC2C1,1
C=CC(=O)N1CCN(CC1)C=2N=CN=C3SC=CC23,1
C=CC(=O)N1CCCC1CN2C=NC=N2,1
CC1(C)CN([C@@H]2CCC[C@H]2O1)C(=O)C=C,1
COCCN1N=CC=2C=CC(NC(=O)C=C)=CC12,1
CC(CNC(=O)C=C)C=1C=CC=C2C=CC=NC12,1
C=CC(=O)N1CCN(CC2CCCO2)CC1,1
CC1(CC2=CC=CS2)CCCN1C(=O)C=C,1
CN1C=C(N=C1C2CCCN(C2)C(=O)C=C)C(F)(F)F,1
C=CC(=O)N1CCN(CC2COCCO2)CC1,1
C=CC(=O)N1CCC=2N=C(SC2C1)C=3C=CC=CC3,1
COC1CN(C(=O)C=C)C=2C=CC=CC2C1,1
C=CC(=O)N1CCC(CC1)C2CCCCO2,1
C=CC(=O)N1CCCC(C1)C2=NC=NO2,1
C=CC(=O)N1CCCN(CC1)C=2C=CC=CN2,1
ClC=1C=CC=C2CN(CCNC(=O)C=C)CCC12,1
CC=1C=CC(=CN1)C2CCN(CC2)C(=O)C=C,1
CN(C1CCN(CC1)C(=O)C=C)S(=O)(=O)C,1
CC1(C)C2CCC1(C)C(C2)NC(=O)C=C,1
COC1COCCC1N(C)C(=O)C=C,1
CN(CC1OCCC=2SC=CC12)C(=O)C=C,1
C=CC(=O)N1CCCC(C1)C(=O)NC=2C=CC=CN2,1
COC=1C=CC(=CC1)C(=O)N2CCCN(CC2)C(=O)C=C,1
FC=1C=CC(=CC1)C2CN(C2)C(=O)C=C,1
CC1C(CCN1C(=O)C=C)C=2C=CC=CC2,1
C=CC(=O)N1CCCCCCCC1,1
CC(C)N1CCC(NC(=O)C=C)C1=O,1
C=CC(=O)NCC1CC2(CCC2)CO1,1
CC(C)C(NC(=O)C=C)C1(CO)CC=CC1,1
CC1(CC2CC(C)(C)C1)CN2C(=O)C=C,1
CC(=O)NC1CCN(C1)C(=O)C=C,1
CC1(C)COC(CN1C(=O)C=C)C(=O)O,1
C=CC(=O)NCC(=O)NC=1C=CC=2OCCOC2C1,1
CC=1C=CC=C(C1)N2CCN(CC2)C(=O)C=C,1
CN(CC(=O)N1CCCC1)C(=O)C=C,1
CN(CC1=CCSC1)C(=O)C=C,1
COCCO[C@@]12CCC[C@]2(CCO1)NC(=O)C=C,1
C=CC(=O)N1CCC2(C1)CCOCC2,1
C=CC(=O)NCC1CCC2COCCC2C1,1
CC1CC=2C=CC=CC2N1C(=O)C=C,1
FC=1C=CC=C2CCCN(C(=O)C=C)C12,1
C=CC(=O)N1CCC(CC1)N2CCCS2(=O)=O,1
C=CC(=O)N1CCCC2(CCCCO2)C1,1
C=CC(=O)N1CCCN(CC1)C2=NC=CS2,1
C=CC(=O)N1CCC(CC1)OC2CCCC2,1
FC(F)(F)C1CCC(CN1C(=O)C=C)NC(=O)C(F)(F)F,1
COC1(CN(C1)C(=O)C=C)C=2C=CC=CC2,1
CC=1C=C(ON1)C2CCCN2C(=O)C=C,1
C=CC(=O)N1CCCCC1C=2N=CON2,1
CC1(CCCCNC(=O)C=C)OCCO1,1
CC1(C)CC(CCNC(=O)C=C)C(=O)N1,1
CS(=O)(=O)NCC1COCCN1C(=O)C=C,1
COC=1C=CC=C(C1)C2CN(CCO2)C(=O)C=C,1
C[C@@H](NC(=O)C=C)C=1C=NC=CN1,1
CC(C)N1C=C(N=N1)C2=CCCN(CC2)C(=O)C=C,1
C=CC(=O)N1CCC=2C1=CC=CC2C3CC3,1
